video_file,video_title,video_url,video_source,clip_start,clip_end,trick_name,body_rotation_type,body_rotation_number,board_rotation_type,board_rotation_number,flip_type,flip_number,landed,stance
00001.mp4,BATB_11__Championship_Battle_Luan_Oliveira_vs_Chris_Joslin,https://www.youtube.com/watch?v=sDLIf7JVNnM,BATB 11,149.6,151.9,treflip,none,0,backside,2,kickflip,1,True,regular
00002.mp4,BATB_11__Championship_Battle_Luan_Oliveira_vs_Chris_Joslin,https://www.youtube.com/watch?v=sDLIf7JVNnM,BATB 11,154.2,155.1,treflip,none,0,backside,2,kickflip,1,True,regular
00003.mp4,BATB_11__Championship_Battle_Luan_Oliveira_vs_Chris_Joslin,https://www.youtube.com/watch?v=sDLIf7JVNnM,BATB 11,159.4,161.2,kickflip,none,0,none,0,kickflip,1,True,nollie
00004.mp4,BATB_11__Championship_Battle_Luan_Oliveira_vs_Chris_Joslin,https://www.youtube.com/watch?v=sDLIf7JVNnM,BATB 11,163.8,166.0,kickflip,none,0,none,0,kickflip,1,True,nollie
00005.mp4,BATB_11__Championship_Battle_Luan_Oliveira_vs_Chris_Joslin,https://www.youtube.com/watch?v=sDLIf7JVNnM,BATB 11,169.5,171.1,kickflip,none,0,none,0,kickflip,1,True,regular
00006.mp4,BATB_11__Championship_Battle_Luan_Oliveira_vs_Chris_Joslin,https://www.youtube.com/watch?v=sDLIf7JVNnM,BATB 11,174.2,175.4,kickflip,none,0,none,0,kickflip,1,True,regular
00007.mp4,BATB_11__Championship_Battle_Luan_Oliveira_vs_Chris_Joslin,https://www.youtube.com/watch?v=sDLIf7JVNnM,BATB 11,179.1,180.7,kickflip,none,0,none,0,kickflip,1,True,fakie
00008.mp4,BATB_11__Championship_Battle_Luan_Oliveira_vs_Chris_Joslin,https://www.youtube.com/watch?v=sDLIf7JVNnM,BATB 11,184.2,185.7,kickflip,none,0,none,0,kickflip,1,True,fakie
00009.mp4,BATB_11__Championship_Battle_Luan_Oliveira_vs_Chris_Joslin,https://www.youtube.com/watch?v=sDLIf7JVNnM,BATB 11,190.6,192.1,heelflip,none,0,none,0,heelflip,1,True,switch
00010.mp4,BATB_11__Championship_Battle_Luan_Oliveira_vs_Chris_Joslin,https://www.youtube.com/watch?v=sDLIf7JVNnM,BATB 11,196.2,197.7,heelflip,none,0,none,0,heelflip,1,True,switch
00011.mp4,BATB_11__Championship_Battle_Luan_Oliveira_vs_Chris_Joslin,https://www.youtube.com/watch?v=sDLIf7JVNnM,BATB 11,201.9,203.2,heelflip,none,0,none,0,heelflip,1,True,fakie
00012.mp4,BATB_11__Championship_Battle_Luan_Oliveira_vs_Chris_Joslin,https://www.youtube.com/watch?v=sDLIf7JVNnM,BATB 11,208.5,210.2,heelflip,none,0,none,0,heelflip,1,True,fakie
00013.mp4,BATB_11__Championship_Battle_Luan_Oliveira_vs_Chris_Joslin,https://www.youtube.com/watch?v=sDLIf7JVNnM,BATB 11,215.6,216.7,heelflip,none,0,none,0,heelflip,1,True,regular
00014.mp4,BATB_11__Championship_Battle_Luan_Oliveira_vs_Chris_Joslin,https://www.youtube.com/watch?v=sDLIf7JVNnM,BATB 11,220.6,221.9,heelflip,none,0,none,0,heelflip,1,True,regular
00015.mp4,BATB_11__Championship_Battle_Luan_Oliveira_vs_Chris_Joslin,https://www.youtube.com/watch?v=sDLIf7JVNnM,BATB 11,227.1,228.3,heelflip,none,0,none,0,heelflip,1,True,nollie
00016.mp4,BATB_11__Championship_Battle_Luan_Oliveira_vs_Chris_Joslin,https://www.youtube.com/watch?v=sDLIf7JVNnM,BATB 11,231.7,233.2,heelflip,none,0,none,0,heelflip,1,True,nollie
00017.mp4,BATB_11__Championship_Battle_Luan_Oliveira_vs_Chris_Joslin,https://www.youtube.com/watch?v=sDLIf7JVNnM,BATB 11,237.5,238.7,bs bigspin,backside,1,backside,2,none,0,True,regular
00018.mp4,BATB_11__Championship_Battle_Luan_Oliveira_vs_Chris_Joslin,https://www.youtube.com/watch?v=sDLIf7JVNnM,BATB 11,242.4,244.0,bs bigspin,backside,1,backside,2,none,0,True,regular
00019.mp4,BATB_11__Championship_Battle_Luan_Oliveira_vs_Chris_Joslin,https://www.youtube.com/watch?v=sDLIf7JVNnM,BATB 11,251.2,252.6,varial heel,none,0,frontside,1,heelflip,1,True,regular
00020.mp4,BATB_11__Championship_Battle_Luan_Oliveira_vs_Chris_Joslin,https://www.youtube.com/watch?v=sDLIf7JVNnM,BATB 11,257.0,258.6,varial heel,none,0,frontside,1,heelflip,1,False,regular
00021.mp4,BATB_11__Championship_Battle_Luan_Oliveira_vs_Chris_Joslin,https://www.youtube.com/watch?v=sDLIf7JVNnM,BATB 11,266.2,267.7,treflip,none,0,backside,2,kickflip,1,True,fakie
00022.mp4,BATB_11__Championship_Battle_Luan_Oliveira_vs_Chris_Joslin,https://www.youtube.com/watch?v=sDLIf7JVNnM,BATB 11,271.8,273.3,treflip,none,0,backside,2,kickflip,1,True,fakie
00023.mp4,BATB_11__Championship_Battle_Luan_Oliveira_vs_Chris_Joslin,https://www.youtube.com/watch?v=sDLIf7JVNnM,BATB 11,278.0,279.7,bigflip,backside,1,backside,2,kickflip,1,True,regular
00024.mp4,BATB_11__Championship_Battle_Luan_Oliveira_vs_Chris_Joslin,https://www.youtube.com/watch?v=sDLIf7JVNnM,BATB 11,283.6,285.1,bigflip,backside,1,backside,2,kickflip,1,True,regular
00025.mp4,BATB_11__Championship_Battle_Luan_Oliveira_vs_Chris_Joslin,https://www.youtube.com/watch?v=sDLIf7JVNnM,BATB 11,291.0,292.6,bs 180 heelflip,backside,1,backside,1,heelflip,1,True,regular
00026.mp4,BATB_11__Championship_Battle_Luan_Oliveira_vs_Chris_Joslin,https://www.youtube.com/watch?v=sDLIf7JVNnM,BATB 11,296.7,297.8,bs 180 heelflip,backside,1,backside,1,heelflip,1,True,regular
00027.mp4,BATB_11__Championship_Battle_Luan_Oliveira_vs_Chris_Joslin,https://www.youtube.com/watch?v=sDLIf7JVNnM,BATB 11,303.8,305.4,bs 180 heelflip,backside,1,backside,1,heelflip,1,True,nollie
00028.mp4,BATB_11__Championship_Battle_Luan_Oliveira_vs_Chris_Joslin,https://www.youtube.com/watch?v=sDLIf7JVNnM,BATB 11,309.5,310.9,bs 180 heelflip,backside,1,backside,1,heelflip,1,True,nollie
00029.mp4,BATB_11__Championship_Battle_Luan_Oliveira_vs_Chris_Joslin,https://www.youtube.com/watch?v=sDLIf7JVNnM,BATB 11,329.1,330.5,bs 180 kickflip,backside,1,backside,1,kickflip,1,True,fakie
00030.mp4,BATB_11__Championship_Battle_Luan_Oliveira_vs_Chris_Joslin,https://www.youtube.com/watch?v=sDLIf7JVNnM,BATB 11,334.9,336.3,bs 180 kickflip,backside,1,backside,1,kickflip,1,True,fakie
00031.mp4,BATB_11__Championship_Battle_Luan_Oliveira_vs_Chris_Joslin,https://www.youtube.com/watch?v=sDLIf7JVNnM,BATB 11,342.7,344.3,fs 180 heelflip,frontside,1,frontside,1,heelflip,1,True,regular
00032.mp4,BATB_11__Championship_Battle_Luan_Oliveira_vs_Chris_Joslin,https://www.youtube.com/watch?v=sDLIf7JVNnM,BATB 11,348.9,350.6,fs 180 heelflip,frontside,1,frontside,1,heelflip,1,True,regular
00033.mp4,BATB_11__Championship_Battle_Luan_Oliveira_vs_Chris_Joslin,https://www.youtube.com/watch?v=sDLIf7JVNnM,BATB 11,355.3,356.8,fs bigspin,frontside,1,frontside,2,none,0,True,regular
00034.mp4,BATB_11__Championship_Battle_Luan_Oliveira_vs_Chris_Joslin,https://www.youtube.com/watch?v=sDLIf7JVNnM,BATB 11,360.9,362.4,fs bigspin,frontside,1,frontside,2,none,0,True,regular
00035.mp4,BATB_11__Championship_Battle_Luan_Oliveira_vs_Chris_Joslin,https://www.youtube.com/watch?v=sDLIf7JVNnM,BATB 11,367.4,368.6,fs 180 heelflip,frontside,1,frontside,1,heelflip,1,True,fakie
00036.mp4,BATB_11__Championship_Battle_Luan_Oliveira_vs_Chris_Joslin,https://www.youtube.com/watch?v=sDLIf7JVNnM,BATB 11,373.5,375.2,fs 180 heelflip,frontside,1,frontside,1,heelflip,1,True,fakie
00037.mp4,BATB_11__Championship_Battle_Luan_Oliveira_vs_Chris_Joslin,https://www.youtube.com/watch?v=sDLIf7JVNnM,BATB 11,382.8,384.6,treflip,none,0,backside,2,kickflip,1,True,switch
00038.mp4,BATB_11__Championship_Battle_Luan_Oliveira_vs_Chris_Joslin,https://www.youtube.com/watch?v=sDLIf7JVNnM,BATB 11,389.3,390.9,treflip,none,0,backside,2,kickflip,1,True,switch
00039.mp4,BATB_11__Championship_Battle_Luan_Oliveira_vs_Chris_Joslin,https://www.youtube.com/watch?v=sDLIf7JVNnM,BATB 11,396.5,398.0,bs bigspin,backside,1,backside,2,none,0,False,switch
00040.mp4,BATB_11__Championship_Battle_Luan_Oliveira_vs_Chris_Joslin,https://www.youtube.com/watch?v=sDLIf7JVNnM,BATB 11,405.1,406.7,hardflip,none,0,frontside,1,kickflip,1,False,fakie
00041.mp4,BATB_11__Championship_Battle_Luan_Oliveira_vs_Chris_Joslin,https://www.youtube.com/watch?v=sDLIf7JVNnM,BATB 11,424.9,426.6,bs bigspin,backside,1,backside,2,none,0,True,switch
00042.mp4,BATB_11__Championship_Battle_Luan_Oliveira_vs_Chris_Joslin,https://www.youtube.com/watch?v=sDLIf7JVNnM,BATB 11,430.7,432.0,bs bigspin,backside,1,backside,2,none,0,True,switch
00043.mp4,BATB_11__Championship_Battle_Luan_Oliveira_vs_Chris_Joslin,https://www.youtube.com/watch?v=sDLIf7JVNnM,BATB 11,440.2,441.9,bigflip,backside,1,backside,2,kickflip,1,True,fakie
00044.mp4,BATB_11__Championship_Battle_Luan_Oliveira_vs_Chris_Joslin,https://www.youtube.com/watch?v=sDLIf7JVNnM,BATB 11,446.3,448.2,bigflip,backside,1,backside,2,kickflip,1,True,fakie
00045.mp4,BATB_11__Championship_Battle_Luan_Oliveira_vs_Chris_Joslin,https://www.youtube.com/watch?v=sDLIf7JVNnM,BATB 11,453.4,455.2,bs 180 kickflip,backside,1,backside,1,kickflip,1,True,nollie
00046.mp4,BATB_11__Championship_Battle_Luan_Oliveira_vs_Chris_Joslin,https://www.youtube.com/watch?v=sDLIf7JVNnM,BATB 11,459.5,461.2,bs 180 kickflip,backside,1,backside,1,kickflip,1,True,nollie
00047.mp4,BATB_11__Championship_Battle_Luan_Oliveira_vs_Chris_Joslin,https://www.youtube.com/watch?v=sDLIf7JVNnM,BATB 11,469.5,471.4,inward heel,none,0,backside,1,heelflip,1,True,nollie
00048.mp4,BATB_11__Championship_Battle_Luan_Oliveira_vs_Chris_Joslin,https://www.youtube.com/watch?v=sDLIf7JVNnM,BATB 11,476.0,478.0,inward heel,none,0,backside,1,heelflip,1,True,nollie
00049.mp4,BATB_11__Championship_Battle_Luan_Oliveira_vs_Chris_Joslin,https://www.youtube.com/watch?v=sDLIf7JVNnM,BATB 11,483.9,485.6,inward heel,none,0,backside,1,heelflip,1,False,regular
00050.mp4,BATB_11__Championship_Battle_Luan_Oliveira_vs_Chris_Joslin,https://www.youtube.com/watch?v=sDLIf7JVNnM,BATB 11,495.3,496.7,hardflip,none,0,frontside,1,kickflip,1,True,fakie
00051.mp4,BATB_11__Championship_Battle_Luan_Oliveira_vs_Chris_Joslin,https://www.youtube.com/watch?v=sDLIf7JVNnM,BATB 11,503.9,505.5,hardflip,none,0,frontside,1,kickflip,1,True,fakie
00052.mp4,BATB_11__Championship_Battle_Luan_Oliveira_vs_Chris_Joslin,https://www.youtube.com/watch?v=sDLIf7JVNnM,BATB 11,509.2,510.7,fs 360,frontside,2,frontside,2,none,0,True,switch
00053.mp4,BATB_11__Championship_Battle_Luan_Oliveira_vs_Chris_Joslin,https://www.youtube.com/watch?v=sDLIf7JVNnM,BATB 11,515.5,516.8,fs 360,frontside,2,frontside,2,none,0,True,switch
00054.mp4,BATB_11__Championship_Battle_Luan_Oliveira_vs_Chris_Joslin,https://www.youtube.com/watch?v=sDLIf7JVNnM,BATB 11,521.8,523.1,fs 180 kickflip,frontside,1,frontside,1,kickflip,1,True,switch
00055.mp4,BATB_11__Championship_Battle_Luan_Oliveira_vs_Chris_Joslin,https://www.youtube.com/watch?v=sDLIf7JVNnM,BATB 11,529.9,531.4,fs 180 kickflip,frontside,1,frontside,1,kickflip,1,True,switch
00056.mp4,BATB_11__Championship_Battle_Luan_Oliveira_vs_Chris_Joslin,https://www.youtube.com/watch?v=sDLIf7JVNnM,BATB 11,535.7,537.2,fs 180 kickflip,frontside,1,frontside,1,kickflip,1,True,fakie
00057.mp4,BATB_11__Championship_Battle_Luan_Oliveira_vs_Chris_Joslin,https://www.youtube.com/watch?v=sDLIf7JVNnM,BATB 11,541.9,543.8,fs 180 kickflip,frontside,1,frontside,1,kickflip,1,False,fakie
00058.mp4,BATB_11__Championship_Battle_Luan_Oliveira_vs_Chris_Joslin,https://www.youtube.com/watch?v=sDLIf7JVNnM,BATB 11,568.2,569.7,360 shovit,none,0,backside,2,none,0,True,switch
00059.mp4,BATB_11__Championship_Battle_Luan_Oliveira_vs_Chris_Joslin,https://www.youtube.com/watch?v=sDLIf7JVNnM,BATB 11,575.1,576.8,360 shovit,none,0,backside,2,none,0,False,switch
00060.mp4,BATB_11__Championship_Battle_Luan_Oliveira_vs_Chris_Joslin,https://www.youtube.com/watch?v=sDLIf7JVNnM,BATB 11,600.8,602.3,double kickflip,none,0,none,0,kickflip,2,False,fakie
00061.mp4,BATB_11__Championship_Battle_Luan_Oliveira_vs_Chris_Joslin,https://www.youtube.com/watch?v=sDLIf7JVNnM,BATB 11,623.2,624.9,biggerflip,backside,1,backside,3,kickflip,1,True,regular
00062.mp4,BATB_11__Championship_Battle_Luan_Oliveira_vs_Chris_Joslin,https://www.youtube.com/watch?v=sDLIf7JVNnM,BATB 11,629.7,631.0,biggerflip,backside,1,backside,3,kickflip,1,True,regular
00063.mp4,BATB_11__Championship_Battle_Luan_Oliveira_vs_Chris_Joslin,https://www.youtube.com/watch?v=sDLIf7JVNnM,BATB 11,655.8,657.4,laserflip,none,0,frontside,2,heelflip,1,True,regular
00064.mp4,BATB_11__Championship_Battle_Luan_Oliveira_vs_Chris_Joslin,https://www.youtube.com/watch?v=sDLIf7JVNnM,BATB 11,663.2,664.9,laserflip,none,0,frontside,2,heelflip,1,False,regular
00065.mp4,BATB_11__Championship_Battle_Luan_Oliveira_vs_Chris_Joslin,https://www.youtube.com/watch?v=sDLIf7JVNnM,BATB 11,693.8,695.3,fs 360,frontside,2,frontside,2,none,0,False,regular
00066.mp4,BATB_11__Championship_Battle_Luan_Oliveira_vs_Chris_Joslin,https://www.youtube.com/watch?v=sDLIf7JVNnM,BATB 11,718.2,719.8,fs 360 heelflip,frontside,2,frontside,2,heelflip,1,True,switch
00067.mp4,BATB_11__Championship_Battle_Luan_Oliveira_vs_Chris_Joslin,https://www.youtube.com/watch?v=sDLIf7JVNnM,BATB 11,725.2,727.1,fs 360 heelflip,frontside,2,frontside,2,heelflip,1,True,switch
00068.mp4,BATB_11__Championship_Battle_Luan_Oliveira_vs_Chris_Joslin,https://www.youtube.com/watch?v=sDLIf7JVNnM,BATB 11,738.9,740.9,double kickflip,none,0,none,0,kickflip,2,False,fakie
00069.mp4,BATB_11__Championship_Battle_Luan_Oliveira_vs_Chris_Joslin,https://www.youtube.com/watch?v=sDLIf7JVNnM,BATB 11,762.3,763.7,double kickflip,none,0,none,0,kickflip,2,True,fakie
00070.mp4,BATB_11__Championship_Battle_Luan_Oliveira_vs_Chris_Joslin,https://www.youtube.com/watch?v=sDLIf7JVNnM,BATB 11,768.4,770.0,double kickflip,none,0,none,0,kickflip,2,False,fakie
00001.mp4,BATB_11__3rd_Place_Battle_Tom_Asta_vs_Sewa_Kroetkov,https://www.youtube.com/watch?v=A8z4OJByT-w,BATB 11,89.9,91.5,360 shovit,none,0,backside,2,none,0,True,regular
00002.mp4,BATB_11__3rd_Place_Battle_Tom_Asta_vs_Sewa_Kroetkov,https://www.youtube.com/watch?v=A8z4OJByT-w,BATB 11,94.7,96.4,360 shovit,none,0,backside,2,none,0,True,regular
00003.mp4,BATB_11__3rd_Place_Battle_Tom_Asta_vs_Sewa_Kroetkov,https://www.youtube.com/watch?v=A8z4OJByT-w,BATB 11,99.2,101.2,fs shovit,none,0,frontside,1,none,0,True,regular
00004.mp4,BATB_11__3rd_Place_Battle_Tom_Asta_vs_Sewa_Kroetkov,https://www.youtube.com/watch?v=A8z4OJByT-w,BATB 11,103.5,104.6,fs shovit,none,0,frontside,1,none,0,True,regular
00001.mp4,Mike_Mo_Capaldi_Vs_Furby_BATB1__Round_1,https://www.youtube.com/watch?v=eGTsIL-xJB8,BATB 1,63.2,64.7,kickflip,none,0,none,0,kickflip,1,True,regular
00002.mp4,Mike_Mo_Capaldi_Vs_Furby_BATB1__Round_1,https://www.youtube.com/watch?v=eGTsIL-xJB8,BATB 1,64.9,65.8,kickflip,none,0,none,0,kickflip,1,True,regular
00003.mp4,Mike_Mo_Capaldi_Vs_Furby_BATB1__Round_1,https://www.youtube.com/watch?v=eGTsIL-xJB8,BATB 1,66.3,67.6,kickflip,none,0,none,0,kickflip,1,True,nollie
00004.mp4,Mike_Mo_Capaldi_Vs_Furby_BATB1__Round_1,https://www.youtube.com/watch?v=eGTsIL-xJB8,BATB 1,67.8,69.0,kickflip,none,0,none,0,kickflip,1,True,nollie
00005.mp4,Mike_Mo_Capaldi_Vs_Furby_BATB1__Round_1,https://www.youtube.com/watch?v=eGTsIL-xJB8,BATB 1,69.3,70.5,heelflip,none,0,none,0,heelflip,1,True,nollie
00006.mp4,Mike_Mo_Capaldi_Vs_Furby_BATB1__Round_1,https://www.youtube.com/watch?v=eGTsIL-xJB8,BATB 1,71.0,72.1,heelflip,none,0,none,0,heelflip,1,True,nollie
00007.mp4,Mike_Mo_Capaldi_Vs_Furby_BATB1__Round_1,https://www.youtube.com/watch?v=eGTsIL-xJB8,BATB 1,72.4,73.5,treflip,none,0,backside,2,kickflip,1,True,regular
00008.mp4,Mike_Mo_Capaldi_Vs_Furby_BATB1__Round_1,https://www.youtube.com/watch?v=eGTsIL-xJB8,BATB 1,73.8,74.8,treflip,none,0,backside,2,kickflip,1,True,regular
00009.mp4,Mike_Mo_Capaldi_Vs_Furby_BATB1__Round_1,https://www.youtube.com/watch?v=eGTsIL-xJB8,BATB 1,75.3,76.4,fs 180 kickflip,frontside,1,frontside,1,kickflip,1,True,regular
00010.mp4,Mike_Mo_Capaldi_Vs_Furby_BATB1__Round_1,https://www.youtube.com/watch?v=eGTsIL-xJB8,BATB 1,76.9,78.3,fs 180 kickflip,frontside,1,frontside,1,kickflip,1,False,regular
00011.mp4,Mike_Mo_Capaldi_Vs_Furby_BATB1__Round_1,https://www.youtube.com/watch?v=eGTsIL-xJB8,BATB 1,79.3,80.4,kickflip,none,0,none,0,kickflip,1,True,switch
00012.mp4,Mike_Mo_Capaldi_Vs_Furby_BATB1__Round_1,https://www.youtube.com/watch?v=eGTsIL-xJB8,BATB 1,80.8,81.9,kickflip,none,0,none,0,kickflip,1,True,switch
00013.mp4,Mike_Mo_Capaldi_Vs_Furby_BATB1__Round_1,https://www.youtube.com/watch?v=eGTsIL-xJB8,BATB 1,82.3,84.0,heelflip,none,0,none,0,heelflip,1,False,switch
00014.mp4,Mike_Mo_Capaldi_Vs_Furby_BATB1__Round_1,https://www.youtube.com/watch?v=eGTsIL-xJB8,BATB 1,84.6,85.9,kickflip,none,0,none,0,kickflip,1,True,fakie
00015.mp4,Mike_Mo_Capaldi_Vs_Furby_BATB1__Round_1,https://www.youtube.com/watch?v=eGTsIL-xJB8,BATB 1,86.2,87.3,kickflip,none,0,none,0,kickflip,1,True,fakie
00016.mp4,Mike_Mo_Capaldi_Vs_Furby_BATB1__Round_1,https://www.youtube.com/watch?v=eGTsIL-xJB8,BATB 1,87.7,88.7,bs 180 heelflip,backside,1,backside,1,heelflip,1,False,regular
00017.mp4,Mike_Mo_Capaldi_Vs_Furby_BATB1__Round_1,https://www.youtube.com/watch?v=eGTsIL-xJB8,BATB 1,89.4,90.7,bs bigspin,backside,1,backside,2,none,0,True,regular
00018.mp4,Mike_Mo_Capaldi_Vs_Furby_BATB1__Round_1,https://www.youtube.com/watch?v=eGTsIL-xJB8,BATB 1,92.0,93.1,bs bigspin,backside,1,backside,2,none,0,False,regular
00019.mp4,Mike_Mo_Capaldi_Vs_Furby_BATB1__Round_1,https://www.youtube.com/watch?v=eGTsIL-xJB8,BATB 1,94.3,95.5,bigflip,backside,1,backside,2,kickflip,1,True,regular
00020.mp4,Mike_Mo_Capaldi_Vs_Furby_BATB1__Round_1,https://www.youtube.com/watch?v=eGTsIL-xJB8,BATB 1,95.9,97.0,bigflip,backside,1,backside,2,kickflip,1,False,regular
00021.mp4,Mike_Mo_Capaldi_Vs_Furby_BATB1__Round_1,https://www.youtube.com/watch?v=eGTsIL-xJB8,BATB 1,98.4,99.6,treflip,none,0,backside,2,kickflip,1,True,switch
00022.mp4,Mike_Mo_Capaldi_Vs_Furby_BATB1__Round_1,https://www.youtube.com/watch?v=eGTsIL-xJB8,BATB 1,100.0,101.0,treflip,none,0,backside,2,kickflip,1,False,switch
00023.mp4,Mike_Mo_Capaldi_Vs_Furby_BATB1__Round_1,https://www.youtube.com/watch?v=eGTsIL-xJB8,BATB 1,102.3,103.6,treflip,none,0,backside,2,kickflip,1,True,fakie
00024.mp4,Mike_Mo_Capaldi_Vs_Furby_BATB1__Round_1,https://www.youtube.com/watch?v=eGTsIL-xJB8,BATB 1,104.0,105.1,treflip,none,0,backside,2,kickflip,1,True,fakie
00025.mp4,Mike_Mo_Capaldi_Vs_Furby_BATB1__Round_1,https://www.youtube.com/watch?v=eGTsIL-xJB8,BATB 1,106.5,107.6,fs 180 heelflip,frontside,1,frontside,1,heelflip,1,True,nollie
00026.mp4,Mike_Mo_Capaldi_Vs_Furby_BATB1__Round_1,https://www.youtube.com/watch?v=eGTsIL-xJB8,BATB 1,108.1,109.2,fs 180 heelflip,frontside,1,frontside,1,heelflip,1,False,nollie
00027.mp4,Mike_Mo_Capaldi_Vs_Furby_BATB1__Round_1,https://www.youtube.com/watch?v=eGTsIL-xJB8,BATB 1,109.9,111.3,fs 180 heelflip,frontside,1,frontside,1,heelflip,1,True,nollie
00028.mp4,Mike_Mo_Capaldi_Vs_Furby_BATB1__Round_1,https://www.youtube.com/watch?v=eGTsIL-xJB8,BATB 1,113.0,114.2,bs 180 heelflip,backside,1,backside,1,heelflip,1,True,nollie
00029.mp4,Mike_Mo_Capaldi_Vs_Furby_BATB1__Round_1,https://www.youtube.com/watch?v=eGTsIL-xJB8,BATB 1,114.5,115.9,bs 180 heelflip,backside,1,backside,1,heelflip,1,True,nollie
00030.mp4,Mike_Mo_Capaldi_Vs_Furby_BATB1__Round_1,https://www.youtube.com/watch?v=eGTsIL-xJB8,BATB 1,116.4,117.4,bigheel,frontside,1,frontside,2,heelflip,1,False,fakie
00031.mp4,Mike_Mo_Capaldi_Vs_Furby_BATB1__Round_1,https://www.youtube.com/watch?v=eGTsIL-xJB8,BATB 1,118.0,119.3,fs 180 kickflip,frontside,1,frontside,1,kickflip,1,True,fakie
00032.mp4,Mike_Mo_Capaldi_Vs_Furby_BATB1__Round_1,https://www.youtube.com/watch?v=eGTsIL-xJB8,BATB 1,119.9,121.0,fs 180 kickflip,frontside,1,frontside,1,kickflip,1,True,fakie
00033.mp4,Mike_Mo_Capaldi_Vs_Furby_BATB1__Round_1,https://www.youtube.com/watch?v=eGTsIL-xJB8,BATB 1,121.8,122.9,bs 180 heelflip,backside,1,backside,1,heelflip,1,True,regular
00034.mp4,Mike_Mo_Capaldi_Vs_Furby_BATB1__Round_1,https://www.youtube.com/watch?v=eGTsIL-xJB8,BATB 1,123.5,124.7,bs 180 heelflip,backside,1,backside,1,heelflip,1,True,regular
00035.mp4,Mike_Mo_Capaldi_Vs_Furby_BATB1__Round_1,https://www.youtube.com/watch?v=eGTsIL-xJB8,BATB 1,125.3,126.5,fs bigspin,frontside,1,frontside,2,none,0,True,switch
00036.mp4,Mike_Mo_Capaldi_Vs_Furby_BATB1__Round_1,https://www.youtube.com/watch?v=eGTsIL-xJB8,BATB 1,126.8,128.0,fs bigspin,frontside,1,frontside,2,none,0,False,switch
00037.mp4,Mike_Mo_Capaldi_Vs_Furby_BATB1__Round_1,https://www.youtube.com/watch?v=eGTsIL-xJB8,BATB 1,129.0,130.1,fs 180 kickflip,frontside,1,frontside,1,kickflip,1,True,nollie
00038.mp4,Mike_Mo_Capaldi_Vs_Furby_BATB1__Round_1,https://www.youtube.com/watch?v=eGTsIL-xJB8,BATB 1,130.6,131.9,fs 180 kickflip,frontside,1,frontside,1,kickflip,1,True,nollie
00039.mp4,Mike_Mo_Capaldi_Vs_Furby_BATB1__Round_1,https://www.youtube.com/watch?v=eGTsIL-xJB8,BATB 1,132.6,133.7,bs 180 kickflip,backside,1,backside,1,kickflip,1,True,fakie
00040.mp4,Mike_Mo_Capaldi_Vs_Furby_BATB1__Round_1,https://www.youtube.com/watch?v=eGTsIL-xJB8,BATB 1,134.1,135.4,bs 180 kickflip,backside,1,backside,1,kickflip,1,True,fakie
00041.mp4,Mike_Mo_Capaldi_Vs_Furby_BATB1__Round_1,https://www.youtube.com/watch?v=eGTsIL-xJB8,BATB 1,136.2,137.3,bs 180 kickflip,backside,1,backside,1,kickflip,1,True,nollie
00042.mp4,Mike_Mo_Capaldi_Vs_Furby_BATB1__Round_1,https://www.youtube.com/watch?v=eGTsIL-xJB8,BATB 1,137.9,139.5,bs 180 kickflip,backside,1,backside,1,kickflip,1,True,nollie
00043.mp4,Mike_Mo_Capaldi_Vs_Furby_BATB1__Round_1,https://www.youtube.com/watch?v=eGTsIL-xJB8,BATB 1,140.6,141.9,fs 180 kickflip,frontside,1,frontside,1,kickflip,1,True,switch
00044.mp4,Mike_Mo_Capaldi_Vs_Furby_BATB1__Round_1,https://www.youtube.com/watch?v=eGTsIL-xJB8,BATB 1,142.2,143.3,fs 180 kickflip,frontside,1,frontside,1,kickflip,1,True,switch
00045.mp4,Mike_Mo_Capaldi_Vs_Furby_BATB1__Round_1,https://www.youtube.com/watch?v=eGTsIL-xJB8,BATB 1,143.9,145.0,bs 180 kickflip,backside,1,backside,1,kickflip,1,True,switch
00046.mp4,Mike_Mo_Capaldi_Vs_Furby_BATB1__Round_1,https://www.youtube.com/watch?v=eGTsIL-xJB8,BATB 1,146.0,147.3,bs 180 kickflip,backside,1,backside,1,kickflip,1,True,switch
00047.mp4,Mike_Mo_Capaldi_Vs_Furby_BATB1__Round_1,https://www.youtube.com/watch?v=eGTsIL-xJB8,BATB 1,147.8,149.0,fs 180 heelflip,frontside,1,frontside,1,heelflip,1,True,switch
00048.mp4,Mike_Mo_Capaldi_Vs_Furby_BATB1__Round_1,https://www.youtube.com/watch?v=eGTsIL-xJB8,BATB 1,149.3,150.5,fs 180 heelflip,frontside,1,frontside,1,heelflip,1,True,switch
00049.mp4,Mike_Mo_Capaldi_Vs_Furby_BATB1__Round_1,https://www.youtube.com/watch?v=eGTsIL-xJB8,BATB 1,152.2,153.3,bs 180 heelflip,backside,1,backside,1,heelflip,1,True,switch
00050.mp4,Mike_Mo_Capaldi_Vs_Furby_BATB1__Round_1,https://www.youtube.com/watch?v=eGTsIL-xJB8,BATB 1,153.9,155.1,bs 180 heelflip,backside,1,backside,1,heelflip,1,True,switch
00051.mp4,Mike_Mo_Capaldi_Vs_Furby_BATB1__Round_1,https://www.youtube.com/watch?v=eGTsIL-xJB8,BATB 1,155.6,156.9,fs 180 heelflip,frontside,1,frontside,1,heelflip,1,False,fakie
00052.mp4,Mike_Mo_Capaldi_Vs_Furby_BATB1__Round_1,https://www.youtube.com/watch?v=eGTsIL-xJB8,BATB 1,157.6,158.9,bigheel,frontside,1,frontside,2,heelflip,1,True,fakie
00053.mp4,Mike_Mo_Capaldi_Vs_Furby_BATB1__Round_1,https://www.youtube.com/watch?v=eGTsIL-xJB8,BATB 1,159.8,161.1,bigheel,frontside,1,frontside,2,heelflip,1,False,fakie
00054.mp4,Mike_Mo_Capaldi_Vs_Furby_BATB1__Round_1,https://www.youtube.com/watch?v=eGTsIL-xJB8,BATB 1,161.9,163.1,bigheel,frontside,1,frontside,2,heelflip,1,False,fakie
00001.mp4,Arto_Saari_Vs_Chico_Brenes_BATB1__Round_1,https://www.youtube.com/watch?v=duSN0KHFK44,BATB 1,51.9,53.2,treflip,none,0,backside,2,kickflip,1,True,regular
00002.mp4,Arto_Saari_Vs_Chico_Brenes_BATB1__Round_1,https://www.youtube.com/watch?v=duSN0KHFK44,BATB 1,53.5,54.7,treflip,none,0,backside,2,kickflip,1,True,regular
00003.mp4,Arto_Saari_Vs_Chico_Brenes_BATB1__Round_1,https://www.youtube.com/watch?v=duSN0KHFK44,BATB 1,55.1,56.3,fs 180 kickflip,frontside,1,frontside,1,kickflip,1,True,regular
00004.mp4,Arto_Saari_Vs_Chico_Brenes_BATB1__Round_1,https://www.youtube.com/watch?v=duSN0KHFK44,BATB 1,57.0,58.1,fs 180 kickflip,frontside,1,frontside,1,kickflip,1,False,regular
00005.mp4,Arto_Saari_Vs_Chico_Brenes_BATB1__Round_1,https://www.youtube.com/watch?v=duSN0KHFK44,BATB 1,59.0,60.3,heelflip,none,0,none,0,heelflip,1,True,switch
00006.mp4,Arto_Saari_Vs_Chico_Brenes_BATB1__Round_1,https://www.youtube.com/watch?v=duSN0KHFK44,BATB 1,60.7,62.0,heelflip,none,0,none,0,heelflip,1,True,switch
00007.mp4,Arto_Saari_Vs_Chico_Brenes_BATB1__Round_1,https://www.youtube.com/watch?v=duSN0KHFK44,BATB 1,62.6,63.9,bs 180 kickflip,backside,1,backside,1,kickflip,1,True,regular
00008.mp4,Arto_Saari_Vs_Chico_Brenes_BATB1__Round_1,https://www.youtube.com/watch?v=duSN0KHFK44,BATB 1,64.3,65.1,bs 180 kickflip,backside,1,backside,1,kickflip,1,False,regular
00009.mp4,Arto_Saari_Vs_Chico_Brenes_BATB1__Round_1,https://www.youtube.com/watch?v=duSN0KHFK44,BATB 1,65.8,67.3,treflip,none,0,backside,2,kickflip,1,False,switch
00010.mp4,Arto_Saari_Vs_Chico_Brenes_BATB1__Round_1,https://www.youtube.com/watch?v=duSN0KHFK44,BATB 1,68.2,69.2,heelflip,none,0,none,0,heelflip,1,True,nollie
00011.mp4,Arto_Saari_Vs_Chico_Brenes_BATB1__Round_1,https://www.youtube.com/watch?v=duSN0KHFK44,BATB 1,69.7,71.2,heelflip,none,0,none,0,heelflip,1,True,nollie
00012.mp4,Arto_Saari_Vs_Chico_Brenes_BATB1__Round_1,https://www.youtube.com/watch?v=duSN0KHFK44,BATB 1,73.0,74.3,kickflip,none,0,none,0,kickflip,1,True,fakie
00013.mp4,Arto_Saari_Vs_Chico_Brenes_BATB1__Round_1,https://www.youtube.com/watch?v=duSN0KHFK44,BATB 1,74.6,76.4,kickflip,none,0,none,0,kickflip,1,True,fakie
00014.mp4,Arto_Saari_Vs_Chico_Brenes_BATB1__Round_1,https://www.youtube.com/watch?v=duSN0KHFK44,BATB 1,76.7,78.1,bs 180 heelflip,backside,1,backside,1,heelflip,1,True,nollie
00015.mp4,Arto_Saari_Vs_Chico_Brenes_BATB1__Round_1,https://www.youtube.com/watch?v=duSN0KHFK44,BATB 1,78.6,80.2,bs 180 heelflip,backside,1,backside,1,heelflip,1,True,nollie
00016.mp4,Arto_Saari_Vs_Chico_Brenes_BATB1__Round_1,https://www.youtube.com/watch?v=duSN0KHFK44,BATB 1,80.8,82.0,heelflip,none,0,none,0,heelflip,1,False,fakie
00017.mp4,Arto_Saari_Vs_Chico_Brenes_BATB1__Round_1,https://www.youtube.com/watch?v=duSN0KHFK44,BATB 1,82.6,83.7,heelflip,none,0,none,0,heelflip,1,True,regular
00018.mp4,Arto_Saari_Vs_Chico_Brenes_BATB1__Round_1,https://www.youtube.com/watch?v=duSN0KHFK44,BATB 1,84.4,85.7,heelflip,none,0,none,0,heelflip,1,True,regular
00019.mp4,Arto_Saari_Vs_Chico_Brenes_BATB1__Round_1,https://www.youtube.com/watch?v=duSN0KHFK44,BATB 1,87.0,88.8,bs 180 kickflip,backside,1,backside,1,kickflip,1,True,fakie
00020.mp4,Arto_Saari_Vs_Chico_Brenes_BATB1__Round_1,https://www.youtube.com/watch?v=duSN0KHFK44,BATB 1,89.2,90.7,bs 180 kickflip,backside,1,backside,1,kickflip,1,True,fakie
00021.mp4,Arto_Saari_Vs_Chico_Brenes_BATB1__Round_1,https://www.youtube.com/watch?v=duSN0KHFK44,BATB 1,91.2,92.5,treflip,none,0,backside,2,kickflip,1,False,fakie
00022.mp4,Arto_Saari_Vs_Chico_Brenes_BATB1__Round_1,https://www.youtube.com/watch?v=duSN0KHFK44,BATB 1,93.2,94.4,fs bigspin,frontside,1,frontside,2,none,0,True,regular
00023.mp4,Arto_Saari_Vs_Chico_Brenes_BATB1__Round_1,https://www.youtube.com/watch?v=duSN0KHFK44,BATB 1,95.0,96.3,fs bigspin,frontside,1,frontside,2,none,0,False,regular
00024.mp4,Arto_Saari_Vs_Chico_Brenes_BATB1__Round_1,https://www.youtube.com/watch?v=duSN0KHFK44,BATB 1,96.8,98.0,bigheel,frontside,1,frontside,2,heelflip,1,False,nollie
00025.mp4,Arto_Saari_Vs_Chico_Brenes_BATB1__Round_1,https://www.youtube.com/watch?v=duSN0KHFK44,BATB 1,98.9,100.2,treflip,none,0,backside,2,kickflip,1,True,switch
00026.mp4,Arto_Saari_Vs_Chico_Brenes_BATB1__Round_1,https://www.youtube.com/watch?v=duSN0KHFK44,BATB 1,101.3,102.5,treflip,none,0,backside,2,kickflip,1,False,switch
00027.mp4,Arto_Saari_Vs_Chico_Brenes_BATB1__Round_1,https://www.youtube.com/watch?v=duSN0KHFK44,BATB 1,103.4,104.9,fs 180 kickflip,frontside,1,frontside,1,kickflip,1,False,fakie
00028.mp4,Arto_Saari_Vs_Chico_Brenes_BATB1__Round_1,https://www.youtube.com/watch?v=duSN0KHFK44,BATB 1,105.4,106.9,varial heel,none,0,frontside,1,heelflip,1,True,fakie
00029.mp4,Arto_Saari_Vs_Chico_Brenes_BATB1__Round_1,https://www.youtube.com/watch?v=duSN0KHFK44,BATB 1,107.2,108.6,varial heel,none,0,frontside,1,heelflip,1,False,fakie
00030.mp4,Arto_Saari_Vs_Chico_Brenes_BATB1__Round_1,https://www.youtube.com/watch?v=duSN0KHFK44,BATB 1,109.5,110.8,varial heel,none,0,frontside,1,heelflip,1,True,nollie
00031.mp4,Arto_Saari_Vs_Chico_Brenes_BATB1__Round_1,https://www.youtube.com/watch?v=duSN0KHFK44,BATB 1,111.0,112.1,varial heel,none,0,frontside,1,heelflip,1,False,nollie
00032.mp4,Arto_Saari_Vs_Chico_Brenes_BATB1__Round_1,https://www.youtube.com/watch?v=duSN0KHFK44,BATB 1,112.8,114.0,kickflip,none,0,none,0,kickflip,1,True,nollie
00033.mp4,Arto_Saari_Vs_Chico_Brenes_BATB1__Round_1,https://www.youtube.com/watch?v=duSN0KHFK44,BATB 1,114.6,115.7,kickflip,none,0,none,0,kickflip,1,True,nollie
00034.mp4,Arto_Saari_Vs_Chico_Brenes_BATB1__Round_1,https://www.youtube.com/watch?v=duSN0KHFK44,BATB 1,116.4,117.5,bigheel,frontside,1,frontside,2,heelflip,1,True,nollie
00035.mp4,Arto_Saari_Vs_Chico_Brenes_BATB1__Round_1,https://www.youtube.com/watch?v=duSN0KHFK44,BATB 1,118.1,119.4,bigheel,frontside,1,frontside,2,heelflip,1,True,nollie
00036.mp4,Arto_Saari_Vs_Chico_Brenes_BATB1__Round_1,https://www.youtube.com/watch?v=duSN0KHFK44,BATB 1,121.7,122.9,bigheel,frontside,1,frontside,2,heelflip,1,True,regular
00037.mp4,Arto_Saari_Vs_Chico_Brenes_BATB1__Round_1,https://www.youtube.com/watch?v=duSN0KHFK44,BATB 1,127.2,128.5,bigflip,backside,1,backside,2,kickflip,1,True,regular
00038.mp4,Arto_Saari_Vs_Chico_Brenes_BATB1__Round_1,https://www.youtube.com/watch?v=duSN0KHFK44,BATB 1,128.9,130.4,bigflip,backside,1,backside,2,kickflip,1,True,regular
00039.mp4,Arto_Saari_Vs_Chico_Brenes_BATB1__Round_1,https://www.youtube.com/watch?v=duSN0KHFK44,BATB 1,133.5,134.6,varial flip,none,0,backside,1,kickflip,1,True,fakie
00040.mp4,Arto_Saari_Vs_Chico_Brenes_BATB1__Round_1,https://www.youtube.com/watch?v=duSN0KHFK44,BATB 1,135.1,136.3,varial flip,none,0,backside,1,kickflip,1,True,fakie
00041.mp4,Arto_Saari_Vs_Chico_Brenes_BATB1__Round_1,https://www.youtube.com/watch?v=duSN0KHFK44,BATB 1,137.5,139.2,laserflip,none,0,frontside,2,heelflip,1,True,regular
00042.mp4,Arto_Saari_Vs_Chico_Brenes_BATB1__Round_1,https://www.youtube.com/watch?v=duSN0KHFK44,BATB 1,139.7,141.2,laserflip,none,0,frontside,2,heelflip,1,False,regular
00043.mp4,Arto_Saari_Vs_Chico_Brenes_BATB1__Round_1,https://www.youtube.com/watch?v=duSN0KHFK44,BATB 1,142.4,144.2,laserflip,none,0,frontside,2,heelflip,1,False,regular
00044.mp4,Arto_Saari_Vs_Chico_Brenes_BATB1__Round_1,https://www.youtube.com/watch?v=duSN0KHFK44,BATB 1,124.5,126.1,bigheel,frontside,1,frontside,2,heelflip,1,False,regular
00001.mp4,Billy_Marks_Vs_Danny_Supa_BATB1__Round_1,https://www.youtube.com/watch?v=POQaDcvhpTs,BATB 1,44.2,45.8,treflip,none,0,backside,2,kickflip,1,True,regular
00002.mp4,Billy_Marks_Vs_Danny_Supa_BATB1__Round_1,https://www.youtube.com/watch?v=POQaDcvhpTs,BATB 1,46.0,47.7,treflip,none,0,backside,2,kickflip,1,False,regular
00003.mp4,Billy_Marks_Vs_Danny_Supa_BATB1__Round_1,https://www.youtube.com/watch?v=POQaDcvhpTs,BATB 1,48.6,50.3,treflip,none,0,backside,2,kickflip,1,False,switch
00004.mp4,Billy_Marks_Vs_Danny_Supa_BATB1__Round_1,https://www.youtube.com/watch?v=POQaDcvhpTs,BATB 1,51.1,52.8,heelflip,none,0,none,0,heelflip,1,True,fakie
00005.mp4,Billy_Marks_Vs_Danny_Supa_BATB1__Round_1,https://www.youtube.com/watch?v=POQaDcvhpTs,BATB 1,53.2,54.7,heelflip,none,0,none,0,heelflip,1,True,fakie
00006.mp4,Billy_Marks_Vs_Danny_Supa_BATB1__Round_1,https://www.youtube.com/watch?v=POQaDcvhpTs,BATB 1,55.0,56.6,bs 180 heelflip,backside,1,backside,1,heelflip,1,True,fakie
00007.mp4,Billy_Marks_Vs_Danny_Supa_BATB1__Round_1,https://www.youtube.com/watch?v=POQaDcvhpTs,BATB 1,57.1,58.7,bs 180 heelflip,backside,1,backside,1,heelflip,1,True,fakie
00008.mp4,Billy_Marks_Vs_Danny_Supa_BATB1__Round_1,https://www.youtube.com/watch?v=POQaDcvhpTs,BATB 1,59.2,60.7,inward heel,none,0,backside,1,heelflip,1,True,fakie
00009.mp4,Billy_Marks_Vs_Danny_Supa_BATB1__Round_1,https://www.youtube.com/watch?v=POQaDcvhpTs,BATB 1,62.4,64.4,inward heel,none,0,backside,1,heelflip,1,False,fakie
00010.mp4,Billy_Marks_Vs_Danny_Supa_BATB1__Round_1,https://www.youtube.com/watch?v=POQaDcvhpTs,BATB 1,65.2,66.6,bigspin inward heel,backside,1,backside,2,heelflip,1,False,fakie
00011.mp4,Billy_Marks_Vs_Danny_Supa_BATB1__Round_1,https://www.youtube.com/watch?v=POQaDcvhpTs,BATB 1,68.9,70.4,treflip,none,0,backside,2,kickflip,1,False,fakie
00012.mp4,Billy_Marks_Vs_Danny_Supa_BATB1__Round_1,https://www.youtube.com/watch?v=POQaDcvhpTs,BATB 1,71.8,73.2,treflip,none,0,backside,2,kickflip,1,False,switch
00013.mp4,Billy_Marks_Vs_Danny_Supa_BATB1__Round_1,https://www.youtube.com/watch?v=POQaDcvhpTs,BATB 1,73.9,75.4,bs 180 heelflip,backside,1,backside,1,heelflip,1,True,regular
00014.mp4,Billy_Marks_Vs_Danny_Supa_BATB1__Round_1,https://www.youtube.com/watch?v=POQaDcvhpTs,BATB 1,76.5,78.1,bs 180 heelflip,backside,1,backside,1,heelflip,1,False,regular
00015.mp4,Billy_Marks_Vs_Danny_Supa_BATB1__Round_1,https://www.youtube.com/watch?v=POQaDcvhpTs,BATB 1,79.4,81.2,hardflip,none,0,frontside,1,kickflip,1,False,switch
00016.mp4,Billy_Marks_Vs_Danny_Supa_BATB1__Round_1,https://www.youtube.com/watch?v=POQaDcvhpTs,BATB 1,81.8,83.2,fs bigspin,frontside,1,frontside,2,none,0,True,switch
00017.mp4,Billy_Marks_Vs_Danny_Supa_BATB1__Round_1,https://www.youtube.com/watch?v=POQaDcvhpTs,BATB 1,83.7,84.9,fs bigspin,frontside,1,frontside,2,none,0,True,switch
00018.mp4,Billy_Marks_Vs_Danny_Supa_BATB1__Round_1,https://www.youtube.com/watch?v=POQaDcvhpTs,BATB 1,85.6,87.1,bigheel,frontside,1,frontside,2,heelflip,1,True,switch
00019.mp4,Billy_Marks_Vs_Danny_Supa_BATB1__Round_1,https://www.youtube.com/watch?v=POQaDcvhpTs,BATB 1,87.7,89.2,bigheel,frontside,1,frontside,2,heelflip,1,False,switch
00020.mp4,Billy_Marks_Vs_Danny_Supa_BATB1__Round_1,https://www.youtube.com/watch?v=POQaDcvhpTs,BATB 1,90.5,92.1,varial heel,none,0,frontside,1,heelflip,1,True,switch
00021.mp4,Billy_Marks_Vs_Danny_Supa_BATB1__Round_1,https://www.youtube.com/watch?v=POQaDcvhpTs,BATB 1,92.5,93.9,varial heel,none,0,frontside,1,heelflip,1,False,switch
00022.mp4,Billy_Marks_Vs_Danny_Supa_BATB1__Round_1,https://www.youtube.com/watch?v=POQaDcvhpTs,BATB 1,96.3,97.9,treflip,none,0,backside,2,kickflip,1,True,nollie
00023.mp4,Billy_Marks_Vs_Danny_Supa_BATB1__Round_1,https://www.youtube.com/watch?v=POQaDcvhpTs,BATB 1,98.5,99.8,treflip,none,0,backside,2,kickflip,1,False,nollie
00024.mp4,Billy_Marks_Vs_Danny_Supa_BATB1__Round_1,https://www.youtube.com/watch?v=POQaDcvhpTs,BATB 1,107.1,108.6,fs 180 heelflip,frontside,1,frontside,1,heelflip,1,True,fakie
00025.mp4,Billy_Marks_Vs_Danny_Supa_BATB1__Round_1,https://www.youtube.com/watch?v=POQaDcvhpTs,BATB 1,109.0,110.5,fs 180 heelflip,frontside,1,frontside,1,heelflip,1,True,fakie
00026.mp4,Billy_Marks_Vs_Danny_Supa_BATB1__Round_1,https://www.youtube.com/watch?v=POQaDcvhpTs,BATB 1,110.9,112.3,hardflip,none,0,frontside,1,kickflip,1,False,switch
00027.mp4,Billy_Marks_Vs_Danny_Supa_BATB1__Round_1,https://www.youtube.com/watch?v=POQaDcvhpTs,BATB 1,112.9,114.3,laserflip,none,0,frontside,2,heelflip,1,True,switch
00028.mp4,Billy_Marks_Vs_Danny_Supa_BATB1__Round_1,https://www.youtube.com/watch?v=POQaDcvhpTs,BATB 1,117.0,118.5,laserflip,none,0,frontside,2,heelflip,1,False,switch
00029.mp4,Billy_Marks_Vs_Danny_Supa_BATB1__Round_1,https://www.youtube.com/watch?v=POQaDcvhpTs,BATB 1,119.3,120.7,laserflip,none,0,frontside,2,heelflip,1,False,switch
00030.mp4,Billy_Marks_Vs_Danny_Supa_BATB1__Round_1,https://www.youtube.com/watch?v=POQaDcvhpTs,BATB 1,67.3,68.6,treflip,none,0,backside,2,kickflip,1,True,fakie
00031.mp4,Billy_Marks_Vs_Danny_Supa_BATB1__Round_1,https://www.youtube.com/watch?v=POQaDcvhpTs,BATB 1,94.9,96.1,bs 360 kickflip,backside,2,backside,2,kickflip,1,False,fakie
00001.mp4,Brandon_Biebel_Vs_Nick_McLouth_BATB1__Round_1,https://www.youtube.com/watch?v=3lqNen-Qccw,BATB 1,57.8,58.8,varial heel,none,0,frontside,1,heelflip,1,False,switch
00002.mp4,Brandon_Biebel_Vs_Nick_McLouth_BATB1__Round_1,https://www.youtube.com/watch?v=3lqNen-Qccw,BATB 1,59.6,61.1,heelflip,none,0,none,0,heelflip,1,True,nollie
00003.mp4,Brandon_Biebel_Vs_Nick_McLouth_BATB1__Round_1,https://www.youtube.com/watch?v=3lqNen-Qccw,BATB 1,62.9,64.3,bs 180 heelflip,backside,1,backside,1,heelflip,1,True,nollie
00004.mp4,Brandon_Biebel_Vs_Nick_McLouth_BATB1__Round_1,https://www.youtube.com/watch?v=3lqNen-Qccw,BATB 1,64.6,66.0,bs 180 heelflip,backside,1,backside,1,heelflip,1,False,nollie
00005.mp4,Brandon_Biebel_Vs_Nick_McLouth_BATB1__Round_1,https://www.youtube.com/watch?v=3lqNen-Qccw,BATB 1,66.2,67.7,heelflip,none,0,none,0,heelflip,1,True,switch
00006.mp4,Brandon_Biebel_Vs_Nick_McLouth_BATB1__Round_1,https://www.youtube.com/watch?v=3lqNen-Qccw,BATB 1,67.9,69.3,heelflip,none,0,none,0,heelflip,1,True,switch
00007.mp4,Brandon_Biebel_Vs_Nick_McLouth_BATB1__Round_1,https://www.youtube.com/watch?v=3lqNen-Qccw,BATB 1,69.7,70.9,fs 180 heelflip,frontside,1,frontside,1,heelflip,1,True,switch
00008.mp4,Brandon_Biebel_Vs_Nick_McLouth_BATB1__Round_1,https://www.youtube.com/watch?v=3lqNen-Qccw,BATB 1,71.2,72.3,fs 180 heelflip,frontside,1,frontside,1,heelflip,1,False,switch
00009.mp4,Brandon_Biebel_Vs_Nick_McLouth_BATB1__Round_1,https://www.youtube.com/watch?v=3lqNen-Qccw,BATB 1,72.6,74.6,kickflip,none,0,none,0,kickflip,1,False,nollie
00010.mp4,Brandon_Biebel_Vs_Nick_McLouth_BATB1__Round_1,https://www.youtube.com/watch?v=3lqNen-Qccw,BATB 1,75.3,76.7,bs 180 kickflip,backside,1,backside,1,kickflip,1,True,fakie
00011.mp4,Brandon_Biebel_Vs_Nick_McLouth_BATB1__Round_1,https://www.youtube.com/watch?v=3lqNen-Qccw,BATB 1,76.9,78.5,bs 180 kickflip,backside,1,backside,1,kickflip,1,False,fakie
00012.mp4,Brandon_Biebel_Vs_Nick_McLouth_BATB1__Round_1,https://www.youtube.com/watch?v=3lqNen-Qccw,BATB 1,78.9,80.2,bs 180 kickflip,backside,1,backside,1,kickflip,1,True,regular
00013.mp4,Brandon_Biebel_Vs_Nick_McLouth_BATB1__Round_1,https://www.youtube.com/watch?v=3lqNen-Qccw,BATB 1,80.4,81.9,bs 180 kickflip,backside,1,backside,1,kickflip,1,True,regular
00014.mp4,Brandon_Biebel_Vs_Nick_McLouth_BATB1__Round_1,https://www.youtube.com/watch?v=3lqNen-Qccw,BATB 1,83.0,84.3,hardflip,none,0,frontside,1,kickflip,1,True,regular
00015.mp4,Brandon_Biebel_Vs_Nick_McLouth_BATB1__Round_1,https://www.youtube.com/watch?v=3lqNen-Qccw,BATB 1,84.5,86.4,hardflip,none,0,frontside,1,kickflip,1,False,regular
00016.mp4,Brandon_Biebel_Vs_Nick_McLouth_BATB1__Round_1,https://www.youtube.com/watch?v=3lqNen-Qccw,BATB 1,86.7,87.8,treflip,none,0,backside,2,kickflip,1,True,regular
00017.mp4,Brandon_Biebel_Vs_Nick_McLouth_BATB1__Round_1,https://www.youtube.com/watch?v=3lqNen-Qccw,BATB 1,87.9,89.3,treflip,none,0,backside,2,kickflip,1,True,regular
00018.mp4,Brandon_Biebel_Vs_Nick_McLouth_BATB1__Round_1,https://www.youtube.com/watch?v=3lqNen-Qccw,BATB 1,89.6,90.8,treflip,none,0,backside,2,kickflip,1,True,fakie
00019.mp4,Brandon_Biebel_Vs_Nick_McLouth_BATB1__Round_1,https://www.youtube.com/watch?v=3lqNen-Qccw,BATB 1,91.1,92.4,treflip,none,0,backside,2,kickflip,1,False,fakie
00020.mp4,Brandon_Biebel_Vs_Nick_McLouth_BATB1__Round_1,https://www.youtube.com/watch?v=3lqNen-Qccw,BATB 1,94.6,96.0,bs 360,backside,2,backside,2,none,0,True,regular
00021.mp4,Brandon_Biebel_Vs_Nick_McLouth_BATB1__Round_1,https://www.youtube.com/watch?v=3lqNen-Qccw,BATB 1,96.2,98.0,bs 360,backside,2,backside,2,none,0,False,regular
00022.mp4,Brandon_Biebel_Vs_Nick_McLouth_BATB1__Round_1,https://www.youtube.com/watch?v=3lqNen-Qccw,BATB 1,98.3,99.6,kickflip,none,0,none,0,kickflip,1,False,fakie
00023.mp4,Brandon_Biebel_Vs_Nick_McLouth_BATB1__Round_1,https://www.youtube.com/watch?v=3lqNen-Qccw,BATB 1,99.9,101.2,treflip,none,0,backside,2,kickflip,1,True,switch
00024.mp4,Brandon_Biebel_Vs_Nick_McLouth_BATB1__Round_1,https://www.youtube.com/watch?v=3lqNen-Qccw,BATB 1,102.3,103.4,treflip,none,0,backside,2,kickflip,1,False,switch
00025.mp4,Brandon_Biebel_Vs_Nick_McLouth_BATB1__Round_1,https://www.youtube.com/watch?v=3lqNen-Qccw,BATB 1,103.8,104.9,fs 180 heelflip,frontside,1,frontside,1,heelflip,1,False,regular
00026.mp4,Brandon_Biebel_Vs_Nick_McLouth_BATB1__Round_1,https://www.youtube.com/watch?v=3lqNen-Qccw,BATB 1,105.4,106.7,bs 180 heelflip,backside,1,backside,1,heelflip,1,True,regular
00027.mp4,Brandon_Biebel_Vs_Nick_McLouth_BATB1__Round_1,https://www.youtube.com/watch?v=3lqNen-Qccw,BATB 1,108.7,110.0,bs 360 kickflip,backside,2,backside,2,kickflip,1,False,fakie
00028.mp4,Brandon_Biebel_Vs_Nick_McLouth_BATB1__Round_1,https://www.youtube.com/watch?v=3lqNen-Qccw,BATB 1,110.4,112.4,bigheel,frontside,1,frontside,2,heelflip,1,False,nollie
00029.mp4,Brandon_Biebel_Vs_Nick_McLouth_BATB1__Round_1,https://www.youtube.com/watch?v=3lqNen-Qccw,BATB 1,114.4,115.8,fs 180 kickflip,frontside,1,frontside,1,kickflip,1,True,fakie
00030.mp4,Brandon_Biebel_Vs_Nick_McLouth_BATB1__Round_1,https://www.youtube.com/watch?v=3lqNen-Qccw,BATB 1,116.1,117.6,fs 180 kickflip,frontside,1,frontside,1,kickflip,1,True,fakie
00031.mp4,Brandon_Biebel_Vs_Nick_McLouth_BATB1__Round_1,https://www.youtube.com/watch?v=3lqNen-Qccw,BATB 1,120.1,121.4,hardflip,none,0,frontside,1,kickflip,1,False,fakie
00032.mp4,Brandon_Biebel_Vs_Nick_McLouth_BATB1__Round_1,https://www.youtube.com/watch?v=3lqNen-Qccw,BATB 1,121.7,123.3,bigheel,frontside,1,frontside,2,heelflip,1,True,nollie
00033.mp4,Brandon_Biebel_Vs_Nick_McLouth_BATB1__Round_1,https://www.youtube.com/watch?v=3lqNen-Qccw,BATB 1,123.8,124.9,bigheel,frontside,1,frontside,2,heelflip,1,False,nollie
00034.mp4,Brandon_Biebel_Vs_Nick_McLouth_BATB1__Round_1,https://www.youtube.com/watch?v=3lqNen-Qccw,BATB 1,125.6,127.0,bigheel,frontside,1,frontside,2,heelflip,1,False,nollie
00035.mp4,Brandon_Biebel_Vs_Nick_McLouth_BATB1__Round_1,https://www.youtube.com/watch?v=3lqNen-Qccw,BATB 1,55.8,57.4,varial heel,none,0,frontside,1,heelflip,1,True,switch
00036.mp4,Brandon_Biebel_Vs_Nick_McLouth_BATB1__Round_1,https://www.youtube.com/watch?v=3lqNen-Qccw,BATB 1,61.4,62.5,heelflip,none,0,none,0,heelflip,1,True,nollie
00037.mp4,Brandon_Biebel_Vs_Nick_McLouth_BATB1__Round_1,https://www.youtube.com/watch?v=3lqNen-Qccw,BATB 1,106.9,108.4,bs 180 heelflip,backside,1,backside,1,heelflip,1,True,regular
00001.mp4,Steve_Berra_Vs_Chris_Roberts_BATB1__Round_1,https://www.youtube.com/watch?v=fwZ7sUXKSBo,BATB 1,91.8,93.2,treflip,none,0,backside,2,kickflip,1,True,regular
00002.mp4,Steve_Berra_Vs_Chris_Roberts_BATB1__Round_1,https://www.youtube.com/watch?v=fwZ7sUXKSBo,BATB 1,93.6,94.9,treflip,none,0,backside,2,kickflip,1,True,regular
00003.mp4,Steve_Berra_Vs_Chris_Roberts_BATB1__Round_1,https://www.youtube.com/watch?v=fwZ7sUXKSBo,BATB 1,95.2,97.6,treflip,none,0,backside,2,kickflip,1,False,fakie
00004.mp4,Steve_Berra_Vs_Chris_Roberts_BATB1__Round_1,https://www.youtube.com/watch?v=fwZ7sUXKSBo,BATB 1,99.6,101.0,bs 180 kickflip,backside,1,backside,1,kickflip,1,True,regular
00005.mp4,Steve_Berra_Vs_Chris_Roberts_BATB1__Round_1,https://www.youtube.com/watch?v=fwZ7sUXKSBo,BATB 1,101.5,102.6,bs 180 kickflip,backside,1,backside,1,kickflip,1,False,regular
00006.mp4,Steve_Berra_Vs_Chris_Roberts_BATB1__Round_1,https://www.youtube.com/watch?v=fwZ7sUXKSBo,BATB 1,103.9,105.1,fs 180 kickflip,frontside,1,frontside,1,kickflip,1,True,regular
00007.mp4,Steve_Berra_Vs_Chris_Roberts_BATB1__Round_1,https://www.youtube.com/watch?v=fwZ7sUXKSBo,BATB 1,105.5,106.8,fs 180 kickflip,frontside,1,frontside,1,kickflip,1,False,regular
00008.mp4,Steve_Berra_Vs_Chris_Roberts_BATB1__Round_1,https://www.youtube.com/watch?v=fwZ7sUXKSBo,BATB 1,107.9,109.5,bs 180 kickflip,backside,1,backside,1,kickflip,1,False,fakie
00009.mp4,Steve_Berra_Vs_Chris_Roberts_BATB1__Round_1,https://www.youtube.com/watch?v=fwZ7sUXKSBo,BATB 1,109.7,111.0,fs bigspin,frontside,1,frontside,2,none,0,True,switch
00010.mp4,Steve_Berra_Vs_Chris_Roberts_BATB1__Round_1,https://www.youtube.com/watch?v=fwZ7sUXKSBo,BATB 1,113.0,114.4,fs bigspin,frontside,1,frontside,2,none,0,False,switch
00011.mp4,Steve_Berra_Vs_Chris_Roberts_BATB1__Round_1,https://www.youtube.com/watch?v=fwZ7sUXKSBo,BATB 1,115.2,116.6,heelflip,none,0,none,0,heelflip,1,False,fakie
00012.mp4,Steve_Berra_Vs_Chris_Roberts_BATB1__Round_1,https://www.youtube.com/watch?v=fwZ7sUXKSBo,BATB 1,117.3,118.4,varial heel,none,0,frontside,1,heelflip,1,True,regular
00013.mp4,Steve_Berra_Vs_Chris_Roberts_BATB1__Round_1,https://www.youtube.com/watch?v=fwZ7sUXKSBo,BATB 1,118.7,120.1,varial heel,none,0,frontside,1,heelflip,1,True,regular
00014.mp4,Steve_Berra_Vs_Chris_Roberts_BATB1__Round_1,https://www.youtube.com/watch?v=fwZ7sUXKSBo,BATB 1,121.5,122.6,bs 180 kickflip,backside,1,backside,1,kickflip,1,True,fakie
00015.mp4,Steve_Berra_Vs_Chris_Roberts_BATB1__Round_1,https://www.youtube.com/watch?v=fwZ7sUXKSBo,BATB 1,123.1,124.6,bs 180 kickflip,backside,1,backside,1,kickflip,1,False,fakie
00016.mp4,Steve_Berra_Vs_Chris_Roberts_BATB1__Round_1,https://www.youtube.com/watch?v=fwZ7sUXKSBo,BATB 1,125.3,126.5,double kickflip,none,0,none,0,kickflip,2,True,fakie
00017.mp4,Steve_Berra_Vs_Chris_Roberts_BATB1__Round_1,https://www.youtube.com/watch?v=fwZ7sUXKSBo,BATB 1,130.0,131.5,double kickflip,none,0,none,0,kickflip,2,False,fakie
00018.mp4,Steve_Berra_Vs_Chris_Roberts_BATB1__Round_1,https://www.youtube.com/watch?v=fwZ7sUXKSBo,BATB 1,132.2,133.5,treflip,none,0,backside,2,kickflip,1,False,fakie
00019.mp4,Steve_Berra_Vs_Chris_Roberts_BATB1__Round_1,https://www.youtube.com/watch?v=fwZ7sUXKSBo,BATB 1,138.9,140.6,bigheel,frontside,1,frontside,2,heelflip,1,False,fakie
00020.mp4,Steve_Berra_Vs_Chris_Roberts_BATB1__Round_1,https://www.youtube.com/watch?v=fwZ7sUXKSBo,BATB 1,140.8,142.1,bs 180 heelflip,backside,1,backside,1,heelflip,1,True,nollie
00021.mp4,Steve_Berra_Vs_Chris_Roberts_BATB1__Round_1,https://www.youtube.com/watch?v=fwZ7sUXKSBo,BATB 1,142.6,144.2,bs 180 heelflip,backside,1,backside,1,heelflip,1,False,nollie
00022.mp4,Steve_Berra_Vs_Chris_Roberts_BATB1__Round_1,https://www.youtube.com/watch?v=fwZ7sUXKSBo,BATB 1,145.3,147.3,biggerflip,backside,1,backside,3,kickflip,1,False,fakie
00023.mp4,Steve_Berra_Vs_Chris_Roberts_BATB1__Round_1,https://www.youtube.com/watch?v=fwZ7sUXKSBo,BATB 1,148.0,149.3,treflip,none,0,backside,2,kickflip,1,True,fakie
00024.mp4,Steve_Berra_Vs_Chris_Roberts_BATB1__Round_1,https://www.youtube.com/watch?v=fwZ7sUXKSBo,BATB 1,149.5,150.7,treflip,none,0,backside,2,kickflip,1,True,fakie
00025.mp4,Steve_Berra_Vs_Chris_Roberts_BATB1__Round_1,https://www.youtube.com/watch?v=fwZ7sUXKSBo,BATB 1,152.5,153.7,fs 180 heelflip,frontside,1,frontside,1,heelflip,1,True,fakie
00026.mp4,Steve_Berra_Vs_Chris_Roberts_BATB1__Round_1,https://www.youtube.com/watch?v=fwZ7sUXKSBo,BATB 1,154.0,155.5,fs 180 heelflip,frontside,1,frontside,1,heelflip,1,True,fakie
00027.mp4,Steve_Berra_Vs_Chris_Roberts_BATB1__Round_1,https://www.youtube.com/watch?v=fwZ7sUXKSBo,BATB 1,157.8,159.3,bs 180 heelflip,backside,1,backside,1,heelflip,1,True,fakie
00028.mp4,Steve_Berra_Vs_Chris_Roberts_BATB1__Round_1,https://www.youtube.com/watch?v=fwZ7sUXKSBo,BATB 1,159.5,161.2,bs 180 heelflip,backside,1,backside,1,heelflip,1,True,fakie
00029.mp4,Steve_Berra_Vs_Chris_Roberts_BATB1__Round_1,https://www.youtube.com/watch?v=fwZ7sUXKSBo,BATB 1,162.0,164.4,bigheel,frontside,1,frontside,2,heelflip,1,False,fakie
00030.mp4,Steve_Berra_Vs_Chris_Roberts_BATB1__Round_1,https://www.youtube.com/watch?v=fwZ7sUXKSBo,BATB 1,166.4,168.0,biggerflip,backside,1,backside,3,kickflip,1,True,fakie
00031.mp4,Steve_Berra_Vs_Chris_Roberts_BATB1__Round_1,https://www.youtube.com/watch?v=fwZ7sUXKSBo,BATB 1,169.2,170.3,biggerflip,backside,1,backside,3,kickflip,1,False,fakie
00032.mp4,Steve_Berra_Vs_Chris_Roberts_BATB1__Round_1,https://www.youtube.com/watch?v=fwZ7sUXKSBo,BATB 1,171.0,172.8,treflip,none,0,backside,2,kickflip,1,True,switch
00033.mp4,Steve_Berra_Vs_Chris_Roberts_BATB1__Round_1,https://www.youtube.com/watch?v=fwZ7sUXKSBo,BATB 1,175.6,177.0,treflip,none,0,backside,2,kickflip,1,False,switch
00034.mp4,Steve_Berra_Vs_Chris_Roberts_BATB1__Round_1,https://www.youtube.com/watch?v=fwZ7sUXKSBo,BATB 1,177.5,178.9,double kickflip,none,0,none,0,kickflip,2,True,regular
00035.mp4,Steve_Berra_Vs_Chris_Roberts_BATB1__Round_1,https://www.youtube.com/watch?v=fwZ7sUXKSBo,BATB 1,180.2,181.6,double kickflip,none,0,none,0,kickflip,2,False,regular
00036.mp4,Steve_Berra_Vs_Chris_Roberts_BATB1__Round_1,https://www.youtube.com/watch?v=fwZ7sUXKSBo,BATB 1,187.4,188.8,double kickflip,none,0,none,0,kickflip,2,False,regular
00001.mp4,Clint_Peterson_Vs_Paul_Shier_BATB1__Round_1,https://www.youtube.com/watch?v=QC1aI707y3E,BATB 1,79.1,80.5,kickflip,none,0,none,0,kickflip,1,True,fakie
00002.mp4,Clint_Peterson_Vs_Paul_Shier_BATB1__Round_1,https://www.youtube.com/watch?v=QC1aI707y3E,BATB 1,82.4,83.9,treflip,none,0,backside,2,kickflip,1,False,fakie
00003.mp4,Clint_Peterson_Vs_Paul_Shier_BATB1__Round_1,https://www.youtube.com/watch?v=QC1aI707y3E,BATB 1,85.9,86.8,treflip,none,0,backside,2,kickflip,1,True,regular
00004.mp4,Clint_Peterson_Vs_Paul_Shier_BATB1__Round_1,https://www.youtube.com/watch?v=QC1aI707y3E,BATB 1,88.0,89.4,treflip,none,0,backside,2,kickflip,1,True,regular
00005.mp4,Clint_Peterson_Vs_Paul_Shier_BATB1__Round_1,https://www.youtube.com/watch?v=QC1aI707y3E,BATB 1,89.7,90.9,treflip,none,0,backside,2,kickflip,1,True,fakie
00006.mp4,Clint_Peterson_Vs_Paul_Shier_BATB1__Round_1,https://www.youtube.com/watch?v=QC1aI707y3E,BATB 1,91.3,92.6,treflip,none,0,backside,2,kickflip,1,True,fakie
00007.mp4,Clint_Peterson_Vs_Paul_Shier_BATB1__Round_1,https://www.youtube.com/watch?v=QC1aI707y3E,BATB 1,97.0,98.2,bs 180 kickflip,backside,1,backside,1,kickflip,1,True,fakie
00008.mp4,Clint_Peterson_Vs_Paul_Shier_BATB1__Round_1,https://www.youtube.com/watch?v=QC1aI707y3E,BATB 1,98.5,99.8,bs 180 kickflip,backside,1,backside,1,kickflip,1,True,fakie
00009.mp4,Clint_Peterson_Vs_Paul_Shier_BATB1__Round_1,https://www.youtube.com/watch?v=QC1aI707y3E,BATB 1,100.2,101.3,fs bigspin,frontside,1,frontside,2,none,0,True,regular
00010.mp4,Clint_Peterson_Vs_Paul_Shier_BATB1__Round_1,https://www.youtube.com/watch?v=QC1aI707y3E,BATB 1,102.6,104.0,fs bigspin,frontside,1,frontside,2,none,0,False,regular
00011.mp4,Clint_Peterson_Vs_Paul_Shier_BATB1__Round_1,https://www.youtube.com/watch?v=QC1aI707y3E,BATB 1,104.4,105.7,heelflip,none,0,none,0,heelflip,1,True,fakie
00012.mp4,Clint_Peterson_Vs_Paul_Shier_BATB1__Round_1,https://www.youtube.com/watch?v=QC1aI707y3E,BATB 1,105.8,106.9,heelflip,none,0,none,0,heelflip,1,True,fakie
00013.mp4,Clint_Peterson_Vs_Paul_Shier_BATB1__Round_1,https://www.youtube.com/watch?v=QC1aI707y3E,BATB 1,107.1,108.4,fs bigspin,frontside,1,frontside,2,none,0,False,switch
00014.mp4,Clint_Peterson_Vs_Paul_Shier_BATB1__Round_1,https://www.youtube.com/watch?v=QC1aI707y3E,BATB 1,108.7,110.0,fs bigspin,frontside,1,frontside,2,none,0,True,regular
00015.mp4,Clint_Peterson_Vs_Paul_Shier_BATB1__Round_1,https://www.youtube.com/watch?v=QC1aI707y3E,BATB 1,110.3,111.4,fs bigspin,frontside,1,frontside,2,none,0,True,regular
00016.mp4,Clint_Peterson_Vs_Paul_Shier_BATB1__Round_1,https://www.youtube.com/watch?v=QC1aI707y3E,BATB 1,112.9,113.8,bigflip,backside,1,backside,2,kickflip,1,True,fakie
00017.mp4,Clint_Peterson_Vs_Paul_Shier_BATB1__Round_1,https://www.youtube.com/watch?v=QC1aI707y3E,BATB 1,114.2,115.8,bigflip,backside,1,backside,2,kickflip,1,False,fakie
00018.mp4,Clint_Peterson_Vs_Paul_Shier_BATB1__Round_1,https://www.youtube.com/watch?v=QC1aI707y3E,BATB 1,116.5,117.6,bs 180 double kickflip,backside,1,backside,1,kickflip,2,False,fakie
00019.mp4,Clint_Peterson_Vs_Paul_Shier_BATB1__Round_1,https://www.youtube.com/watch?v=QC1aI707y3E,BATB 1,118.1,119.4,double kickflip,none,0,none,0,kickflip,2,True,fakie
00020.mp4,Clint_Peterson_Vs_Paul_Shier_BATB1__Round_1,https://www.youtube.com/watch?v=QC1aI707y3E,BATB 1,121.6,122.8,double kickflip,none,0,none,0,kickflip,2,True,fakie
00021.mp4,Clint_Peterson_Vs_Paul_Shier_BATB1__Round_1,https://www.youtube.com/watch?v=QC1aI707y3E,BATB 1,123.0,124.0,fs 180 kickflip,frontside,1,frontside,1,kickflip,1,True,fakie
00022.mp4,Clint_Peterson_Vs_Paul_Shier_BATB1__Round_1,https://www.youtube.com/watch?v=QC1aI707y3E,BATB 1,124.3,125.4,fs 180 kickflip,frontside,1,frontside,1,kickflip,1,True,fakie
00023.mp4,Clint_Peterson_Vs_Paul_Shier_BATB1__Round_1,https://www.youtube.com/watch?v=QC1aI707y3E,BATB 1,126.6,128.0,varial heel,none,0,frontside,1,heelflip,1,True,regular
00024.mp4,Clint_Peterson_Vs_Paul_Shier_BATB1__Round_1,https://www.youtube.com/watch?v=QC1aI707y3E,BATB 1,128.1,129.2,varial heel,none,0,frontside,1,heelflip,1,True,regular
00025.mp4,Clint_Peterson_Vs_Paul_Shier_BATB1__Round_1,https://www.youtube.com/watch?v=QC1aI707y3E,BATB 1,130.4,132.0,varial heel,none,0,frontside,1,heelflip,1,False,switch
00026.mp4,Clint_Peterson_Vs_Paul_Shier_BATB1__Round_1,https://www.youtube.com/watch?v=QC1aI707y3E,BATB 1,132.2,133.7,bs 180 double kickflip,backside,1,backside,1,kickflip,2,True,fakie
00027.mp4,Clint_Peterson_Vs_Paul_Shier_BATB1__Round_1,https://www.youtube.com/watch?v=QC1aI707y3E,BATB 1,134.0,135.3,bs 180 double kickflip,backside,1,backside,1,kickflip,2,False,fakie
00028.mp4,Clint_Peterson_Vs_Paul_Shier_BATB1__Round_1,https://www.youtube.com/watch?v=QC1aI707y3E,BATB 1,139.0,140.2,fs bigspin,frontside,1,frontside,2,none,0,True,switch
00029.mp4,Clint_Peterson_Vs_Paul_Shier_BATB1__Round_1,https://www.youtube.com/watch?v=QC1aI707y3E,BATB 1,140.4,141.8,fs bigspin,frontside,1,frontside,2,none,0,True,switch
00030.mp4,Clint_Peterson_Vs_Paul_Shier_BATB1__Round_1,https://www.youtube.com/watch?v=QC1aI707y3E,BATB 1,142.9,144.3,double kickflip,none,0,none,0,kickflip,2,False,regular
00031.mp4,Clint_Peterson_Vs_Paul_Shier_BATB1__Round_1,https://www.youtube.com/watch?v=QC1aI707y3E,BATB 1,144.7,146.1,varial flip,none,0,backside,1,kickflip,1,True,nollie
00032.mp4,Clint_Peterson_Vs_Paul_Shier_BATB1__Round_1,https://www.youtube.com/watch?v=QC1aI707y3E,BATB 1,147.0,148.3,varial flip,none,0,backside,1,kickflip,1,True,nollie
00033.mp4,Clint_Peterson_Vs_Paul_Shier_BATB1__Round_1,https://www.youtube.com/watch?v=QC1aI707y3E,BATB 1,149.0,150.4,fs 180 kickflip,frontside,1,frontside,1,kickflip,1,True,nollie
00034.mp4,Clint_Peterson_Vs_Paul_Shier_BATB1__Round_1,https://www.youtube.com/watch?v=QC1aI707y3E,BATB 1,150.9,152.3,fs 180 kickflip,frontside,1,frontside,1,kickflip,1,True,nollie
00035.mp4,Clint_Peterson_Vs_Paul_Shier_BATB1__Round_1,https://www.youtube.com/watch?v=QC1aI707y3E,BATB 1,155.7,157.2,double kickflip,none,0,none,0,kickflip,2,False,regular
00036.mp4,Clint_Peterson_Vs_Paul_Shier_BATB1__Round_1,https://www.youtube.com/watch?v=QC1aI707y3E,BATB 1,166.1,167.5,fs bigspin,frontside,1,frontside,2,none,0,True,fakie
00037.mp4,Clint_Peterson_Vs_Paul_Shier_BATB1__Round_1,https://www.youtube.com/watch?v=QC1aI707y3E,BATB 1,167.8,169.6,fs bigspin,frontside,1,frontside,2,none,0,False,fakie
00038.mp4,Clint_Peterson_Vs_Paul_Shier_BATB1__Round_1,https://www.youtube.com/watch?v=QC1aI707y3E,BATB 1,172.4,173.6,kickflip,none,0,none,0,kickflip,1,True,nollie
00039.mp4,Clint_Peterson_Vs_Paul_Shier_BATB1__Round_1,https://www.youtube.com/watch?v=QC1aI707y3E,BATB 1,176.1,177.5,varial flip,none,0,backside,1,kickflip,1,False,fakie
00040.mp4,Clint_Peterson_Vs_Paul_Shier_BATB1__Round_1,https://www.youtube.com/watch?v=QC1aI707y3E,BATB 1,177.8,178.9,shovit,none,0,backside,1,none,0,True,switch
00041.mp4,Clint_Peterson_Vs_Paul_Shier_BATB1__Round_1,https://www.youtube.com/watch?v=QC1aI707y3E,BATB 1,179.6,180.8,shovit,none,0,backside,1,none,0,False,switch
00042.mp4,Clint_Peterson_Vs_Paul_Shier_BATB1__Round_1,https://www.youtube.com/watch?v=QC1aI707y3E,BATB 1,181.3,182.8,tre double flip,none,0,backside,2,kickflip,2,False,regular
00043.mp4,Clint_Peterson_Vs_Paul_Shier_BATB1__Round_1,https://www.youtube.com/watch?v=QC1aI707y3E,BATB 1,183.1,184.4,varial flip,none,0,backside,1,kickflip,1,True,fakie
00044.mp4,Clint_Peterson_Vs_Paul_Shier_BATB1__Round_1,https://www.youtube.com/watch?v=QC1aI707y3E,BATB 1,185.0,186.5,varial flip,none,0,backside,1,kickflip,1,True,fakie
00045.mp4,Clint_Peterson_Vs_Paul_Shier_BATB1__Round_1,https://www.youtube.com/watch?v=QC1aI707y3E,BATB 1,186.9,188.1,bs 180 heelflip,backside,1,backside,1,heelflip,1,False,nollie
00046.mp4,Clint_Peterson_Vs_Paul_Shier_BATB1__Round_1,https://www.youtube.com/watch?v=QC1aI707y3E,BATB 1,188.6,189.8,hardflip,none,0,frontside,1,kickflip,1,True,fakie
00047.mp4,Clint_Peterson_Vs_Paul_Shier_BATB1__Round_1,https://www.youtube.com/watch?v=QC1aI707y3E,BATB 1,190.2,191.4,hardflip,none,0,frontside,1,kickflip,1,False,fakie
00048.mp4,Clint_Peterson_Vs_Paul_Shier_BATB1__Round_1,https://www.youtube.com/watch?v=QC1aI707y3E,BATB 1,192.1,193.5,bigflip,backside,1,backside,2,kickflip,1,True,regular
00049.mp4,Clint_Peterson_Vs_Paul_Shier_BATB1__Round_1,https://www.youtube.com/watch?v=QC1aI707y3E,BATB 1,193.7,194.9,bigflip,backside,1,backside,2,kickflip,1,False,regular
00050.mp4,Clint_Peterson_Vs_Paul_Shier_BATB1__Round_1,https://www.youtube.com/watch?v=QC1aI707y3E,BATB 1,196.0,197.3,tre double flip,none,0,backside,2,kickflip,2,True,regular
00051.mp4,Clint_Peterson_Vs_Paul_Shier_BATB1__Round_1,https://www.youtube.com/watch?v=QC1aI707y3E,BATB 1,197.8,199.6,tre double flip,none,0,backside,2,kickflip,2,False,regular
00052.mp4,Clint_Peterson_Vs_Paul_Shier_BATB1__Round_1,https://www.youtube.com/watch?v=QC1aI707y3E,BATB 1,201.4,202.9,tre double flip,none,0,backside,2,kickflip,2,True,regular
00053.mp4,Clint_Peterson_Vs_Paul_Shier_BATB1__Round_1,https://www.youtube.com/watch?v=QC1aI707y3E,BATB 1,209.2,210.9,bs 180 heelflip,backside,1,backside,1,heelflip,1,True,nollie
00054.mp4,Clint_Peterson_Vs_Paul_Shier_BATB1__Round_1,https://www.youtube.com/watch?v=QC1aI707y3E,BATB 1,211.3,212.8,bs 180 heelflip,backside,1,backside,1,heelflip,1,False,nollie
00055.mp4,Clint_Peterson_Vs_Paul_Shier_BATB1__Round_1,https://www.youtube.com/watch?v=QC1aI707y3E,BATB 1,213.4,214.7,bs 180 heelflip,backside,1,backside,1,heelflip,1,False,nollie
00056.mp4,Clint_Peterson_Vs_Paul_Shier_BATB1__Round_1,https://www.youtube.com/watch?v=QC1aI707y3E,BATB 1,80.8,81.9,kickflip,none,0,none,0,kickflip,1,False,fakie
00057.mp4,Clint_Peterson_Vs_Paul_Shier_BATB1__Round_1,https://www.youtube.com/watch?v=QC1aI707y3E,BATB 1,93.1,94.0,bs 180 kickflip,backside,1,backside,1,kickflip,1,True,regular
00058.mp4,Clint_Peterson_Vs_Paul_Shier_BATB1__Round_1,https://www.youtube.com/watch?v=QC1aI707y3E,BATB 1,95.4,96.6,bs 180 kickflip,backside,1,backside,1,kickflip,1,True,regular
00001.mp4,Daniel_Castillo_Vs_Andrew_Reynolds_BATB1__Round_1,https://www.youtube.com/watch?v=P-a7pyXL12M,BATB 1,37.1,38.6,treflip,none,0,backside,2,kickflip,1,True,regular
00002.mp4,Daniel_Castillo_Vs_Andrew_Reynolds_BATB1__Round_1,https://www.youtube.com/watch?v=P-a7pyXL12M,BATB 1,39.0,40.1,treflip,none,0,backside,2,kickflip,1,False,regular
00003.mp4,Daniel_Castillo_Vs_Andrew_Reynolds_BATB1__Round_1,https://www.youtube.com/watch?v=P-a7pyXL12M,BATB 1,41.1,42.3,fs 180 kickflip,frontside,1,frontside,1,kickflip,1,True,regular
00004.mp4,Daniel_Castillo_Vs_Andrew_Reynolds_BATB1__Round_1,https://www.youtube.com/watch?v=P-a7pyXL12M,BATB 1,42.6,44.3,fs 180 kickflip,frontside,1,frontside,1,kickflip,1,False,regular
00005.mp4,Daniel_Castillo_Vs_Andrew_Reynolds_BATB1__Round_1,https://www.youtube.com/watch?v=P-a7pyXL12M,BATB 1,44.9,46.3,fs 360,frontside,2,frontside,2,none,0,True,switch
00006.mp4,Daniel_Castillo_Vs_Andrew_Reynolds_BATB1__Round_1,https://www.youtube.com/watch?v=P-a7pyXL12M,BATB 1,46.5,48.4,fs 360,frontside,2,frontside,2,none,0,True,switch
00007.mp4,Daniel_Castillo_Vs_Andrew_Reynolds_BATB1__Round_1,https://www.youtube.com/watch?v=P-a7pyXL12M,BATB 1,49.2,50.4,kickflip,none,0,none,0,kickflip,1,True,fakie
00008.mp4,Daniel_Castillo_Vs_Andrew_Reynolds_BATB1__Round_1,https://www.youtube.com/watch?v=P-a7pyXL12M,BATB 1,50.6,51.8,kickflip,none,0,none,0,kickflip,1,True,fakie
00009.mp4,Daniel_Castillo_Vs_Andrew_Reynolds_BATB1__Round_1,https://www.youtube.com/watch?v=P-a7pyXL12M,BATB 1,52.3,53.6,bs 360,backside,2,backside,2,none,0,True,regular
00010.mp4,Daniel_Castillo_Vs_Andrew_Reynolds_BATB1__Round_1,https://www.youtube.com/watch?v=P-a7pyXL12M,BATB 1,53.8,54.8,bs 360,backside,2,backside,2,none,0,True,regular
00011.mp4,Daniel_Castillo_Vs_Andrew_Reynolds_BATB1__Round_1,https://www.youtube.com/watch?v=P-a7pyXL12M,BATB 1,55.4,56.7,bs 180 heelflip,backside,1,backside,1,heelflip,1,True,regular
00012.mp4,Daniel_Castillo_Vs_Andrew_Reynolds_BATB1__Round_1,https://www.youtube.com/watch?v=P-a7pyXL12M,BATB 1,57.1,58.4,bs 180 heelflip,backside,1,backside,1,heelflip,1,False,regular
00013.mp4,Daniel_Castillo_Vs_Andrew_Reynolds_BATB1__Round_1,https://www.youtube.com/watch?v=P-a7pyXL12M,BATB 1,59.0,60.3,treflip,none,0,backside,2,kickflip,1,True,fakie
00014.mp4,Daniel_Castillo_Vs_Andrew_Reynolds_BATB1__Round_1,https://www.youtube.com/watch?v=P-a7pyXL12M,BATB 1,60.6,62.0,treflip,none,0,backside,2,kickflip,1,False,fakie
00015.mp4,Daniel_Castillo_Vs_Andrew_Reynolds_BATB1__Round_1,https://www.youtube.com/watch?v=P-a7pyXL12M,BATB 1,62.7,64.2,fs 180 kickflip,frontside,1,frontside,1,kickflip,1,True,fakie
00016.mp4,Daniel_Castillo_Vs_Andrew_Reynolds_BATB1__Round_1,https://www.youtube.com/watch?v=P-a7pyXL12M,BATB 1,64.4,65.7,fs 180 kickflip,frontside,1,frontside,1,kickflip,1,True,fakie
00017.mp4,Daniel_Castillo_Vs_Andrew_Reynolds_BATB1__Round_1,https://www.youtube.com/watch?v=P-a7pyXL12M,BATB 1,67.2,68.5,inward heel,none,0,backside,1,heelflip,1,True,nollie
00018.mp4,Daniel_Castillo_Vs_Andrew_Reynolds_BATB1__Round_1,https://www.youtube.com/watch?v=P-a7pyXL12M,BATB 1,68.8,70.1,inward heel,none,0,backside,1,heelflip,1,False,nollie
00019.mp4,Daniel_Castillo_Vs_Andrew_Reynolds_BATB1__Round_1,https://www.youtube.com/watch?v=P-a7pyXL12M,BATB 1,70.5,71.8,inward heel,none,0,backside,1,heelflip,1,False,nollie
00001.mp4,Erik_Ellington_Vs_Danny_Montoya_BATB1__Round_1,https://www.youtube.com/watch?v=WwjZzIuJLwo,BATB 1,49.9,51.1,fs 180 heelflip,frontside,1,frontside,1,heelflip,1,True,nollie
00002.mp4,Erik_Ellington_Vs_Danny_Montoya_BATB1__Round_1,https://www.youtube.com/watch?v=WwjZzIuJLwo,BATB 1,51.9,54.2,fs 180 heelflip,frontside,1,frontside,1,heelflip,1,False,nollie
00003.mp4,Erik_Ellington_Vs_Danny_Montoya_BATB1__Round_1,https://www.youtube.com/watch?v=WwjZzIuJLwo,BATB 1,54.8,56.0,hardflip,none,0,frontside,1,kickflip,1,False,regular
00004.mp4,Erik_Ellington_Vs_Danny_Montoya_BATB1__Round_1,https://www.youtube.com/watch?v=WwjZzIuJLwo,BATB 1,57.0,58.6,kickflip,none,0,none,0,kickflip,1,True,regular
00005.mp4,Erik_Ellington_Vs_Danny_Montoya_BATB1__Round_1,https://www.youtube.com/watch?v=WwjZzIuJLwo,BATB 1,59.1,60.3,kickflip,none,0,none,0,kickflip,1,True,regular
00006.mp4,Erik_Ellington_Vs_Danny_Montoya_BATB1__Round_1,https://www.youtube.com/watch?v=WwjZzIuJLwo,BATB 1,61.1,62.7,kickflip,none,0,none,0,kickflip,1,True,switch
00007.mp4,Erik_Ellington_Vs_Danny_Montoya_BATB1__Round_1,https://www.youtube.com/watch?v=WwjZzIuJLwo,BATB 1,63.1,64.6,kickflip,none,0,none,0,kickflip,1,True,switch
00008.mp4,Erik_Ellington_Vs_Danny_Montoya_BATB1__Round_1,https://www.youtube.com/watch?v=WwjZzIuJLwo,BATB 1,64.8,66.0,treflip,none,0,backside,2,kickflip,1,True,regular
00009.mp4,Erik_Ellington_Vs_Danny_Montoya_BATB1__Round_1,https://www.youtube.com/watch?v=WwjZzIuJLwo,BATB 1,66.5,68.0,treflip,none,0,backside,2,kickflip,1,False,regular
00010.mp4,Erik_Ellington_Vs_Danny_Montoya_BATB1__Round_1,https://www.youtube.com/watch?v=WwjZzIuJLwo,BATB 1,68.5,69.9,kickflip,none,0,none,0,kickflip,1,True,nollie
00011.mp4,Erik_Ellington_Vs_Danny_Montoya_BATB1__Round_1,https://www.youtube.com/watch?v=WwjZzIuJLwo,BATB 1,70.4,72.0,kickflip,none,0,none,0,kickflip,1,True,nollie
00012.mp4,Erik_Ellington_Vs_Danny_Montoya_BATB1__Round_1,https://www.youtube.com/watch?v=WwjZzIuJLwo,BATB 1,77.1,78.7,fs 180 kickflip,frontside,1,frontside,1,kickflip,1,True,regular
00013.mp4,Erik_Ellington_Vs_Danny_Montoya_BATB1__Round_1,https://www.youtube.com/watch?v=WwjZzIuJLwo,BATB 1,79.2,80.7,fs 180 kickflip,frontside,1,frontside,1,kickflip,1,False,regular
00014.mp4,Erik_Ellington_Vs_Danny_Montoya_BATB1__Round_1,https://www.youtube.com/watch?v=WwjZzIuJLwo,BATB 1,81.4,82.7,fs 180 kickflip,frontside,1,frontside,1,kickflip,1,True,switch
00015.mp4,Erik_Ellington_Vs_Danny_Montoya_BATB1__Round_1,https://www.youtube.com/watch?v=WwjZzIuJLwo,BATB 1,83.0,84.8,fs 180 kickflip,frontside,1,frontside,1,kickflip,1,True,switch
00016.mp4,Erik_Ellington_Vs_Danny_Montoya_BATB1__Round_1,https://www.youtube.com/watch?v=WwjZzIuJLwo,BATB 1,88.7,90.1,hardflip,none,0,frontside,1,kickflip,1,True,regular
00017.mp4,Erik_Ellington_Vs_Danny_Montoya_BATB1__Round_1,https://www.youtube.com/watch?v=WwjZzIuJLwo,BATB 1,90.6,92.1,hardflip,none,0,frontside,1,kickflip,1,True,regular
00018.mp4,Erik_Ellington_Vs_Danny_Montoya_BATB1__Round_1,https://www.youtube.com/watch?v=WwjZzIuJLwo,BATB 1,93.7,95.1,inward heel,none,0,backside,1,heelflip,1,False,nollie
00019.mp4,Erik_Ellington_Vs_Danny_Montoya_BATB1__Round_1,https://www.youtube.com/watch?v=WwjZzIuJLwo,BATB 1,95.7,97.0,bs 180 kickflip,backside,1,backside,1,kickflip,1,True,regular
00020.mp4,Erik_Ellington_Vs_Danny_Montoya_BATB1__Round_1,https://www.youtube.com/watch?v=WwjZzIuJLwo,BATB 1,98.2,99.7,bs 180 kickflip,backside,1,backside,1,kickflip,1,False,regular
00021.mp4,Erik_Ellington_Vs_Danny_Montoya_BATB1__Round_1,https://www.youtube.com/watch?v=WwjZzIuJLwo,BATB 1,100.3,102.1,bs 180 kickflip,backside,1,backside,1,kickflip,1,True,nollie
00022.mp4,Erik_Ellington_Vs_Danny_Montoya_BATB1__Round_1,https://www.youtube.com/watch?v=WwjZzIuJLwo,BATB 1,105.5,106.7,bs 180 kickflip,backside,1,backside,1,kickflip,1,True,nollie
00023.mp4,Erik_Ellington_Vs_Danny_Montoya_BATB1__Round_1,https://www.youtube.com/watch?v=WwjZzIuJLwo,BATB 1,108.4,109.7,treflip,none,0,backside,2,kickflip,1,True,fakie
00024.mp4,Erik_Ellington_Vs_Danny_Montoya_BATB1__Round_1,https://www.youtube.com/watch?v=WwjZzIuJLwo,BATB 1,110.6,111.8,treflip,none,0,backside,2,kickflip,1,False,fakie
00025.mp4,Erik_Ellington_Vs_Danny_Montoya_BATB1__Round_1,https://www.youtube.com/watch?v=WwjZzIuJLwo,BATB 1,112.4,113.7,bs 180 heelflip,backside,1,backside,1,heelflip,1,True,nollie
00026.mp4,Erik_Ellington_Vs_Danny_Montoya_BATB1__Round_1,https://www.youtube.com/watch?v=WwjZzIuJLwo,BATB 1,114.3,115.8,bs 180 heelflip,backside,1,backside,1,heelflip,1,False,nollie
00027.mp4,Erik_Ellington_Vs_Danny_Montoya_BATB1__Round_1,https://www.youtube.com/watch?v=WwjZzIuJLwo,BATB 1,118.3,119.9,bs 180 heelflip,backside,1,backside,1,heelflip,1,True,nollie
00028.mp4,Erik_Ellington_Vs_Danny_Montoya_BATB1__Round_1,https://www.youtube.com/watch?v=WwjZzIuJLwo,BATB 1,122.4,124.0,varial heel,none,0,frontside,1,heelflip,1,False,switch
00029.mp4,Erik_Ellington_Vs_Danny_Montoya_BATB1__Round_1,https://www.youtube.com/watch?v=WwjZzIuJLwo,BATB 1,124.6,126.1,inward heel,none,0,backside,1,heelflip,1,True,nollie
00030.mp4,Erik_Ellington_Vs_Danny_Montoya_BATB1__Round_1,https://www.youtube.com/watch?v=WwjZzIuJLwo,BATB 1,127.1,128.8,inward heel,none,0,backside,1,heelflip,1,True,nollie
00031.mp4,Erik_Ellington_Vs_Danny_Montoya_BATB1__Round_1,https://www.youtube.com/watch?v=WwjZzIuJLwo,BATB 1,131.2,132.6,fs bigspin,frontside,1,frontside,2,none,0,True,switch
00032.mp4,Erik_Ellington_Vs_Danny_Montoya_BATB1__Round_1,https://www.youtube.com/watch?v=WwjZzIuJLwo,BATB 1,134.0,135.8,fs bigspin,frontside,1,frontside,2,none,0,False,switch
00033.mp4,Erik_Ellington_Vs_Danny_Montoya_BATB1__Round_1,https://www.youtube.com/watch?v=WwjZzIuJLwo,BATB 1,136.7,138.1,heelflip,none,0,none,0,heelflip,1,True,nollie
00034.mp4,Erik_Ellington_Vs_Danny_Montoya_BATB1__Round_1,https://www.youtube.com/watch?v=WwjZzIuJLwo,BATB 1,139.6,140.8,heelflip,none,0,none,0,heelflip,1,True,nollie
00035.mp4,Erik_Ellington_Vs_Danny_Montoya_BATB1__Round_1,https://www.youtube.com/watch?v=WwjZzIuJLwo,BATB 1,141.5,143.3,heelflip,none,0,none,0,heelflip,1,False,nollie
00036.mp4,Erik_Ellington_Vs_Danny_Montoya_BATB1__Round_1,https://www.youtube.com/watch?v=WwjZzIuJLwo,BATB 1,143.7,145.1,fs 360,frontside,2,frontside,2,none,0,True,switch
00037.mp4,Erik_Ellington_Vs_Danny_Montoya_BATB1__Round_1,https://www.youtube.com/watch?v=WwjZzIuJLwo,BATB 1,149.8,151.5,fs 360,frontside,2,frontside,2,none,0,False,switch
00038.mp4,Erik_Ellington_Vs_Danny_Montoya_BATB1__Round_1,https://www.youtube.com/watch?v=WwjZzIuJLwo,BATB 1,154.6,156.0,bs bigspin,backside,1,backside,2,none,0,True,regular
00039.mp4,Erik_Ellington_Vs_Danny_Montoya_BATB1__Round_1,https://www.youtube.com/watch?v=WwjZzIuJLwo,BATB 1,156.6,158.3,bs bigspin,backside,1,backside,2,none,0,True,regular
00040.mp4,Erik_Ellington_Vs_Danny_Montoya_BATB1__Round_1,https://www.youtube.com/watch?v=WwjZzIuJLwo,BATB 1,161.1,162.5,bs bigspin,backside,1,backside,2,none,0,False,regular
00041.mp4,Erik_Ellington_Vs_Danny_Montoya_BATB1__Round_1,https://www.youtube.com/watch?v=WwjZzIuJLwo,BATB 1,87.0,88.1,bs 180 kickflip,backside,1,backside,1,kickflip,1,False,nollie
00001.mp4,Sean_Malto_Vs_Donovan_Strain_BATB1__Round_1,https://www.youtube.com/watch?v=wGSotlk4uQc,BATB 1,59.7,60.7,kickflip,none,0,none,0,kickflip,1,True,regular
00002.mp4,Sean_Malto_Vs_Donovan_Strain_BATB1__Round_1,https://www.youtube.com/watch?v=wGSotlk4uQc,BATB 1,61.5,62.4,kickflip,none,0,none,0,kickflip,1,True,regular
00003.mp4,Sean_Malto_Vs_Donovan_Strain_BATB1__Round_1,https://www.youtube.com/watch?v=wGSotlk4uQc,BATB 1,63.0,64.1,kickflip,none,0,none,0,kickflip,1,True,fakie
00004.mp4,Sean_Malto_Vs_Donovan_Strain_BATB1__Round_1,https://www.youtube.com/watch?v=wGSotlk4uQc,BATB 1,64.7,66.1,kickflip,none,0,none,0,kickflip,1,True,fakie
00005.mp4,Sean_Malto_Vs_Donovan_Strain_BATB1__Round_1,https://www.youtube.com/watch?v=wGSotlk4uQc,BATB 1,66.6,68.1,kickflip,none,0,none,0,kickflip,1,True,nollie
00006.mp4,Sean_Malto_Vs_Donovan_Strain_BATB1__Round_1,https://www.youtube.com/watch?v=wGSotlk4uQc,BATB 1,68.4,69.7,kickflip,none,0,none,0,kickflip,1,False,nollie
00007.mp4,Sean_Malto_Vs_Donovan_Strain_BATB1__Round_1,https://www.youtube.com/watch?v=wGSotlk4uQc,BATB 1,70.8,72.0,kickflip,none,0,none,0,kickflip,1,True,switch
00008.mp4,Sean_Malto_Vs_Donovan_Strain_BATB1__Round_1,https://www.youtube.com/watch?v=wGSotlk4uQc,BATB 1,72.5,73.8,kickflip,none,0,none,0,kickflip,1,False,switch
00009.mp4,Sean_Malto_Vs_Donovan_Strain_BATB1__Round_1,https://www.youtube.com/watch?v=wGSotlk4uQc,BATB 1,75.0,76.4,treflip,none,0,backside,2,kickflip,1,True,regular
00010.mp4,Sean_Malto_Vs_Donovan_Strain_BATB1__Round_1,https://www.youtube.com/watch?v=wGSotlk4uQc,BATB 1,76.8,78.3,treflip,none,0,backside,2,kickflip,1,True,regular
00011.mp4,Sean_Malto_Vs_Donovan_Strain_BATB1__Round_1,https://www.youtube.com/watch?v=wGSotlk4uQc,BATB 1,78.7,80.0,treflip,none,0,backside,2,kickflip,1,True,fakie
00012.mp4,Sean_Malto_Vs_Donovan_Strain_BATB1__Round_1,https://www.youtube.com/watch?v=wGSotlk4uQc,BATB 1,80.3,81.8,treflip,none,0,backside,2,kickflip,1,True,fakie
00013.mp4,Sean_Malto_Vs_Donovan_Strain_BATB1__Round_1,https://www.youtube.com/watch?v=wGSotlk4uQc,BATB 1,83.2,84.3,treflip,none,0,backside,2,kickflip,1,True,switch
00014.mp4,Sean_Malto_Vs_Donovan_Strain_BATB1__Round_1,https://www.youtube.com/watch?v=wGSotlk4uQc,BATB 1,87.0,88.1,treflip,none,0,backside,2,kickflip,1,True,switch
00015.mp4,Sean_Malto_Vs_Donovan_Strain_BATB1__Round_1,https://www.youtube.com/watch?v=wGSotlk4uQc,BATB 1,91.6,93.0,fs 180 double kickflip,frontside,1,frontside,1,kickflip,2,True,regular
00016.mp4,Sean_Malto_Vs_Donovan_Strain_BATB1__Round_1,https://www.youtube.com/watch?v=wGSotlk4uQc,BATB 1,94.1,95.6,fs 180 double kickflip,frontside,1,frontside,1,kickflip,2,False,regular
00017.mp4,Sean_Malto_Vs_Donovan_Strain_BATB1__Round_1,https://www.youtube.com/watch?v=wGSotlk4uQc,BATB 1,96.8,98.0,biggerflip,backside,1,backside,3,kickflip,1,False,fakie
00018.mp4,Sean_Malto_Vs_Donovan_Strain_BATB1__Round_1,https://www.youtube.com/watch?v=wGSotlk4uQc,BATB 1,98.7,100.2,heelflip,none,0,none,0,heelflip,1,True,fakie
00019.mp4,Sean_Malto_Vs_Donovan_Strain_BATB1__Round_1,https://www.youtube.com/watch?v=wGSotlk4uQc,BATB 1,100.4,101.6,heelflip,none,0,none,0,heelflip,1,True,fakie
00020.mp4,Sean_Malto_Vs_Donovan_Strain_BATB1__Round_1,https://www.youtube.com/watch?v=wGSotlk4uQc,BATB 1,102.3,103.6,bs 180 heelflip,backside,1,backside,1,heelflip,1,True,fakie
00021.mp4,Sean_Malto_Vs_Donovan_Strain_BATB1__Round_1,https://www.youtube.com/watch?v=wGSotlk4uQc,BATB 1,104.0,105.2,bs 180 heelflip,backside,1,backside,1,heelflip,1,False,fakie
00022.mp4,Sean_Malto_Vs_Donovan_Strain_BATB1__Round_1,https://www.youtube.com/watch?v=wGSotlk4uQc,BATB 1,106.5,108.0,heelflip,none,0,none,0,heelflip,1,True,nollie
00023.mp4,Sean_Malto_Vs_Donovan_Strain_BATB1__Round_1,https://www.youtube.com/watch?v=wGSotlk4uQc,BATB 1,108.7,109.9,heelflip,none,0,none,0,heelflip,1,True,nollie
00024.mp4,Sean_Malto_Vs_Donovan_Strain_BATB1__Round_1,https://www.youtube.com/watch?v=wGSotlk4uQc,BATB 1,110.6,111.6,fs shovit,none,0,frontside,1,none,0,True,regular
00025.mp4,Sean_Malto_Vs_Donovan_Strain_BATB1__Round_1,https://www.youtube.com/watch?v=wGSotlk4uQc,BATB 1,112.1,113.4,fs shovit,none,0,frontside,1,none,0,False,regular
00026.mp4,Sean_Malto_Vs_Donovan_Strain_BATB1__Round_1,https://www.youtube.com/watch?v=wGSotlk4uQc,BATB 1,114.9,115.9,fs shovit,none,0,frontside,1,none,0,True,switch
00027.mp4,Sean_Malto_Vs_Donovan_Strain_BATB1__Round_1,https://www.youtube.com/watch?v=wGSotlk4uQc,BATB 1,116.3,117.6,fs shovit,none,0,frontside,1,none,0,True,switch
00028.mp4,Sean_Malto_Vs_Donovan_Strain_BATB1__Round_1,https://www.youtube.com/watch?v=wGSotlk4uQc,BATB 1,119.4,120.7,fs 360 shovit,none,0,frontside,2,none,0,False,switch
00029.mp4,Sean_Malto_Vs_Donovan_Strain_BATB1__Round_1,https://www.youtube.com/watch?v=wGSotlk4uQc,BATB 1,121.5,122.9,laserflip,none,0,frontside,2,heelflip,1,True,regular
00030.mp4,Sean_Malto_Vs_Donovan_Strain_BATB1__Round_1,https://www.youtube.com/watch?v=wGSotlk4uQc,BATB 1,125.5,126.4,laserflip,none,0,frontside,2,heelflip,1,False,regular
00031.mp4,Sean_Malto_Vs_Donovan_Strain_BATB1__Round_1,https://www.youtube.com/watch?v=wGSotlk4uQc,BATB 1,127.8,129.0,biggerflip,backside,1,backside,3,kickflip,1,True,fakie
00032.mp4,Sean_Malto_Vs_Donovan_Strain_BATB1__Round_1,https://www.youtube.com/watch?v=wGSotlk4uQc,BATB 1,131.3,132.4,biggerflip,backside,1,backside,3,kickflip,1,False,fakie
00033.mp4,Sean_Malto_Vs_Donovan_Strain_BATB1__Round_1,https://www.youtube.com/watch?v=wGSotlk4uQc,BATB 1,133.8,135.1,bs 180 double kickflip,backside,1,backside,1,kickflip,2,True,fakie
00034.mp4,Sean_Malto_Vs_Donovan_Strain_BATB1__Round_1,https://www.youtube.com/watch?v=wGSotlk4uQc,BATB 1,140.2,141.5,hard double flip,none,0,frontside,1,kickflip,2,True,regular
00035.mp4,Sean_Malto_Vs_Donovan_Strain_BATB1__Round_1,https://www.youtube.com/watch?v=wGSotlk4uQc,BATB 1,145.9,147.2,hard double flip,none,0,frontside,1,kickflip,2,False,regular
00036.mp4,Sean_Malto_Vs_Donovan_Strain_BATB1__Round_1,https://www.youtube.com/watch?v=wGSotlk4uQc,BATB 1,148.3,149.7,hard double flip,none,0,frontside,1,kickflip,2,False,regular
00001.mp4,Eric_Koston_Vs_Rob_Dyrdek_BATB1__Round_1,https://www.youtube.com/watch?v=lWeiGaQQV2g,BATB 1,63.0,64.4,treflip,none,0,backside,2,kickflip,1,True,regular
00002.mp4,Eric_Koston_Vs_Rob_Dyrdek_BATB1__Round_1,https://www.youtube.com/watch?v=lWeiGaQQV2g,BATB 1,64.7,66.5,treflip,none,0,backside,2,kickflip,1,False,regular
00003.mp4,Eric_Koston_Vs_Rob_Dyrdek_BATB1__Round_1,https://www.youtube.com/watch?v=lWeiGaQQV2g,BATB 1,67.3,68.3,treflip,none,0,backside,2,kickflip,1,True,fakie
00004.mp4,Eric_Koston_Vs_Rob_Dyrdek_BATB1__Round_1,https://www.youtube.com/watch?v=lWeiGaQQV2g,BATB 1,68.8,69.8,treflip,none,0,backside,2,kickflip,1,True,fakie
00005.mp4,Eric_Koston_Vs_Rob_Dyrdek_BATB1__Round_1,https://www.youtube.com/watch?v=lWeiGaQQV2g,BATB 1,70.3,71.2,fs shovit,none,0,frontside,1,none,0,True,switch
00006.mp4,Eric_Koston_Vs_Rob_Dyrdek_BATB1__Round_1,https://www.youtube.com/watch?v=lWeiGaQQV2g,BATB 1,71.4,72.6,fs shovit,none,0,frontside,1,none,0,True,switch
00007.mp4,Eric_Koston_Vs_Rob_Dyrdek_BATB1__Round_1,https://www.youtube.com/watch?v=lWeiGaQQV2g,BATB 1,72.9,74.0,fs 180 kickflip,frontside,1,frontside,1,kickflip,1,True,regular
00008.mp4,Eric_Koston_Vs_Rob_Dyrdek_BATB1__Round_1,https://www.youtube.com/watch?v=lWeiGaQQV2g,BATB 1,77.7,79.3,fs 180 kickflip,frontside,1,frontside,1,kickflip,1,False,regular
00009.mp4,Eric_Koston_Vs_Rob_Dyrdek_BATB1__Round_1,https://www.youtube.com/watch?v=lWeiGaQQV2g,BATB 1,80.8,81.7,fs bigspin,frontside,1,frontside,2,none,0,True,regular
00010.mp4,Eric_Koston_Vs_Rob_Dyrdek_BATB1__Round_1,https://www.youtube.com/watch?v=lWeiGaQQV2g,BATB 1,82.1,83.0,fs bigspin,frontside,1,frontside,2,none,0,False,regular
00011.mp4,Eric_Koston_Vs_Rob_Dyrdek_BATB1__Round_1,https://www.youtube.com/watch?v=lWeiGaQQV2g,BATB 1,84.6,85.7,varial heel,none,0,frontside,1,heelflip,1,False,switch
00012.mp4,Eric_Koston_Vs_Rob_Dyrdek_BATB1__Round_1,https://www.youtube.com/watch?v=lWeiGaQQV2g,BATB 1,88.5,90.6,heelflip,none,0,none,0,heelflip,1,True,switch
00013.mp4,Eric_Koston_Vs_Rob_Dyrdek_BATB1__Round_1,https://www.youtube.com/watch?v=lWeiGaQQV2g,BATB 1,86.4,87.6,tre double flip,none,0,backside,2,kickflip,2,False,regular
00014.mp4,Eric_Koston_Vs_Rob_Dyrdek_BATB1__Round_1,https://www.youtube.com/watch?v=lWeiGaQQV2g,BATB 1,91.7,92.7,heelflip,none,0,none,0,heelflip,1,True,switch
00015.mp4,Eric_Koston_Vs_Rob_Dyrdek_BATB1__Round_1,https://www.youtube.com/watch?v=lWeiGaQQV2g,BATB 1,93.1,94.3,biggerflip,backside,1,backside,3,kickflip,1,True,fakie
00016.mp4,Eric_Koston_Vs_Rob_Dyrdek_BATB1__Round_1,https://www.youtube.com/watch?v=lWeiGaQQV2g,BATB 1,100.9,102.3,biggerflip,backside,1,backside,3,kickflip,1,False,fakie
00017.mp4,Eric_Koston_Vs_Rob_Dyrdek_BATB1__Round_1,https://www.youtube.com/watch?v=lWeiGaQQV2g,BATB 1,103.0,104.5,inward heel,none,0,backside,1,heelflip,1,True,fakie
00018.mp4,Eric_Koston_Vs_Rob_Dyrdek_BATB1__Round_1,https://www.youtube.com/watch?v=lWeiGaQQV2g,BATB 1,115.6,116.7,inward heel,none,0,backside,1,heelflip,1,False,fakie
00019.mp4,Eric_Koston_Vs_Rob_Dyrdek_BATB1__Round_1,https://www.youtube.com/watch?v=lWeiGaQQV2g,BATB 1,117.5,118.6,inward heel,none,0,backside,1,heelflip,1,False,fakie
